solid mesh
  facet normal 0.974149 0.128249 0.185974
    outer loop
      vertex 0.04 0 0
      vertex 0.038637 0.0103528 0
      vertex 0.0371203 0.00994636 0.008225
    endloop
  endfacet
  facet normal 0.974149 0.128249 0.185974
    outer loop
      vertex 0.04 0 0
      vertex 0.0371203 0.00994636 0.008225
      vertex 0.0384298 0 0.008225
    endloop
  endfacet
  facet normal 0.907762 0.376007 0.185974
    outer loop
      vertex 0.038637 0.0103528 0
      vertex 0.034641 0.02 0
      vertex 0.0332812 0.0192149 0.008225
    endloop
  endfacet
  facet normal 0.907762 0.376007 0.185974
    outer loop
      vertex 0.038637 0.0103528 0
      vertex 0.0332812 0.0192149 0.008225
      vertex 0.0371203 0.00994636 0.008225
    endloop
  endfacet
  facet normal 0.779513 0.598141 0.185974
    outer loop
      vertex 0.034641 0.02 0
      vertex 0.0282843 0.0282843 0
      vertex 0.027174 0.027174 0.008225
    endloop
  endfacet
  facet normal 0.779513 0.598141 0.185974
    outer loop
      vertex 0.034641 0.02 0
      vertex 0.027174 0.027174 0.008225
      vertex 0.0332812 0.0192149 0.008225
    endloop
  endfacet
  facet normal 0.598141 0.779513 0.185974
    outer loop
      vertex 0.0282843 0.0282843 0
      vertex 0.02 0.034641 0
      vertex 0.0192149 0.0332812 0.008225
    endloop
  endfacet
  facet normal 0.598141 0.779513 0.185974
    outer loop
      vertex 0.0282843 0.0282843 0
      vertex 0.0192149 0.0332812 0.008225
      vertex 0.027174 0.027174 0.008225
    endloop
  endfacet
  facet normal 0.376007 0.907762 0.185974
    outer loop
      vertex 0.02 0.034641 0
      vertex 0.0103528 0.038637 0
      vertex 0.00994636 0.0371203 0.008225
    endloop
  endfacet
  facet normal 0.376007 0.907762 0.185974
    outer loop
      vertex 0.02 0.034641 0
      vertex 0.00994636 0.0371203 0.008225
      vertex 0.0192149 0.0332812 0.008225
    endloop
  endfacet
  facet normal 0.128249 0.974149 0.185974
    outer loop
      vertex 0.0103528 0.038637 0
      vertex 2.44929e-18 0.04 0
      vertex 2.35314e-18 0.0384298 0.008225
    endloop
  endfacet
  facet normal 0.128249 0.974149 0.185974
    outer loop
      vertex 0.0103528 0.038637 0
      vertex 2.35314e-18 0.0384298 0.008225
      vertex 0.00994636 0.0371203 0.008225
    endloop
  endfacet
  facet normal -0.128249 0.974149 0.185974
    outer loop
      vertex 2.44929e-18 0.04 0
      vertex -0.0103528 0.038637 0
      vertex -0.00994636 0.0371203 0.008225
    endloop
  endfacet
  facet normal -0.128249 0.974149 0.185974
    outer loop
      vertex 2.44929e-18 0.04 0
      vertex -0.00994636 0.0371203 0.008225
      vertex 2.35314e-18 0.0384298 0.008225
    endloop
  endfacet
  facet normal -0.376007 0.907762 0.185974
    outer loop
      vertex -0.0103528 0.038637 0
      vertex -0.02 0.034641 0
      vertex -0.0192149 0.0332812 0.008225
    endloop
  endfacet
  facet normal -0.376007 0.907762 0.185974
    outer loop
      vertex -0.0103528 0.038637 0
      vertex -0.0192149 0.0332812 0.008225
      vertex -0.00994636 0.0371203 0.008225
    endloop
  endfacet
  facet normal -0.598141 0.779513 0.185974
    outer loop
      vertex -0.02 0.034641 0
      vertex -0.0282843 0.0282843 0
      vertex -0.027174 0.027174 0.008225
    endloop
  endfacet
  facet normal -0.598141 0.779513 0.185974
    outer loop
      vertex -0.02 0.034641 0
      vertex -0.027174 0.027174 0.008225
      vertex -0.0192149 0.0332812 0.008225
    endloop
  endfacet
  facet normal -0.779513 0.598141 0.185974
    outer loop
      vertex -0.0282843 0.0282843 0
      vertex -0.034641 0.02 0
      vertex -0.0332812 0.0192149 0.008225
    endloop
  endfacet
  facet normal -0.779513 0.598141 0.185974
    outer loop
      vertex -0.0282843 0.0282843 0
      vertex -0.0332812 0.0192149 0.008225
      vertex -0.027174 0.027174 0.008225
    endloop
  endfacet
  facet normal -0.907762 0.376007 0.185974
    outer loop
      vertex -0.034641 0.02 0
      vertex -0.038637 0.0103528 0
      vertex -0.0371203 0.00994636 0.008225
    endloop
  endfacet
  facet normal -0.907762 0.376007 0.185974
    outer loop
      vertex -0.034641 0.02 0
      vertex -0.0371203 0.00994636 0.008225
      vertex -0.0332812 0.0192149 0.008225
    endloop
  endfacet
  facet normal -0.974149 0.128249 0.185974
    outer loop
      vertex -0.038637 0.0103528 0
      vertex -0.04 4.89859e-18 0
      vertex -0.0384298 4.70629e-18 0.008225
    endloop
  endfacet
  facet normal -0.974149 0.128249 0.185974
    outer loop
      vertex -0.038637 0.0103528 0
      vertex -0.0384298 4.70629e-18 0.008225
      vertex -0.0371203 0.00994636 0.008225
    endloop
  endfacet
  facet normal -0.974149 -0.128249 0.185974
    outer loop
      vertex -0.04 4.89859e-18 0
      vertex -0.038637 -0.0103528 0
      vertex -0.0371203 -0.00994636 0.008225
    endloop
  endfacet
  facet normal -0.974149 -0.128249 0.185974
    outer loop
      vertex -0.04 4.89859e-18 0
      vertex -0.0371203 -0.00994636 0.008225
      vertex -0.0384298 4.70629e-18 0.008225
    endloop
  endfacet
  facet normal -0.907762 -0.376007 0.185974
    outer loop
      vertex -0.038637 -0.0103528 0
      vertex -0.034641 -0.02 0
      vertex -0.0332812 -0.0192149 0.008225
    endloop
  endfacet
  facet normal -0.907762 -0.376007 0.185974
    outer loop
      vertex -0.038637 -0.0103528 0
      vertex -0.0332812 -0.0192149 0.008225
      vertex -0.0371203 -0.00994636 0.008225
    endloop
  endfacet
  facet normal -0.779513 -0.598141 0.185974
    outer loop
      vertex -0.034641 -0.02 0
      vertex -0.0282843 -0.0282843 0
      vertex -0.027174 -0.027174 0.008225
    endloop
  endfacet
  facet normal -0.779513 -0.598141 0.185974
    outer loop
      vertex -0.034641 -0.02 0
      vertex -0.027174 -0.027174 0.008225
      vertex -0.0332812 -0.0192149 0.008225
    endloop
  endfacet
  facet normal -0.598141 -0.779513 0.185974
    outer loop
      vertex -0.0282843 -0.0282843 0
      vertex -0.02 -0.034641 0
      vertex -0.0192149 -0.0332812 0.008225
    endloop
  endfacet
  facet normal -0.598141 -0.779513 0.185974
    outer loop
      vertex -0.0282843 -0.0282843 0
      vertex -0.0192149 -0.0332812 0.008225
      vertex -0.027174 -0.027174 0.008225
    endloop
  endfacet
  facet normal -0.376007 -0.907762 0.185974
    outer loop
      vertex -0.02 -0.034641 0
      vertex -0.0103528 -0.038637 0
      vertex -0.00994636 -0.0371203 0.008225
    endloop
  endfacet
  facet normal -0.376007 -0.907762 0.185974
    outer loop
      vertex -0.02 -0.034641 0
      vertex -0.00994636 -0.0371203 0.008225
      vertex -0.0192149 -0.0332812 0.008225
    endloop
  endfacet
  facet normal -0.128249 -0.974149 0.185974
    outer loop
      vertex -0.0103528 -0.038637 0
      vertex -7.34788e-18 -0.04 0
      vertex -7.05943e-18 -0.0384298 0.008225
    endloop
  endfacet
  facet normal -0.128249 -0.974149 0.185974
    outer loop
      vertex -0.0103528 -0.038637 0
      vertex -7.05943e-18 -0.0384298 0.008225
      vertex -0.00994636 -0.0371203 0.008225
    endloop
  endfacet
  facet normal 0.128249 -0.974149 0.185974
    outer loop
      vertex -7.34788e-18 -0.04 0
      vertex 0.0103528 -0.038637 0
      vertex 0.00994636 -0.0371203 0.008225
    endloop
  endfacet
  facet normal 0.128249 -0.974149 0.185974
    outer loop
      vertex -7.34788e-18 -0.04 0
      vertex 0.00994636 -0.0371203 0.008225
      vertex -7.05943e-18 -0.0384298 0.008225
    endloop
  endfacet
  facet normal 0.376007 -0.907762 0.185974
    outer loop
      vertex 0.0103528 -0.038637 0
      vertex 0.02 -0.034641 0
      vertex 0.0192149 -0.0332812 0.008225
    endloop
  endfacet
  facet normal 0.376007 -0.907762 0.185974
    outer loop
      vertex 0.0103528 -0.038637 0
      vertex 0.0192149 -0.0332812 0.008225
      vertex 0.00994636 -0.0371203 0.008225
    endloop
  endfacet
  facet normal 0.598141 -0.779513 0.185974
    outer loop
      vertex 0.02 -0.034641 0
      vertex 0.0282843 -0.0282843 0
      vertex 0.027174 -0.027174 0.008225
    endloop
  endfacet
  facet normal 0.598141 -0.779513 0.185974
    outer loop
      vertex 0.02 -0.034641 0
      vertex 0.027174 -0.027174 0.008225
      vertex 0.0192149 -0.0332812 0.008225
    endloop
  endfacet
  facet normal 0.779513 -0.598141 0.185974
    outer loop
      vertex 0.0282843 -0.0282843 0
      vertex 0.034641 -0.02 0
      vertex 0.0332812 -0.0192149 0.008225
    endloop
  endfacet
  facet normal 0.779513 -0.598141 0.185974
    outer loop
      vertex 0.0282843 -0.0282843 0
      vertex 0.0332812 -0.0192149 0.008225
      vertex 0.027174 -0.027174 0.008225
    endloop
  endfacet
  facet normal 0.907762 -0.376007 0.185974
    outer loop
      vertex 0.034641 -0.02 0
      vertex 0.038637 -0.0103528 0
      vertex 0.0371203 -0.00994636 0.008225
    endloop
  endfacet
  facet normal 0.907762 -0.376007 0.185974
    outer loop
      vertex 0.034641 -0.02 0
      vertex 0.0371203 -0.00994636 0.008225
      vertex 0.0332812 -0.0192149 0.008225
    endloop
  endfacet
  facet normal 0.974149 -0.128249 0.185974
    outer loop
      vertex 0.038637 -0.0103528 0
      vertex 0.04 -9.79717e-18 0
      vertex 0.0384298 -9.41258e-18 0.008225
    endloop
  endfacet
  facet normal 0.974149 -0.128249 0.185974
    outer loop
      vertex 0.038637 -0.0103528 0
      vertex 0.0384298 -9.41258e-18 0.008225
      vertex 0.0371203 -0.00994636 0.008225
    endloop
  endfacet
  facet normal 0.98226 -0 0.187522
    outer loop
      vertex 0.04 -9.79717e-18 0
      vertex 0.04 0 0
      vertex 0.0384298 0 0.008225
    endloop
  endfacet
  facet normal 0.98226 0 0.187522
    outer loop
      vertex 0.04 -9.79717e-18 0
      vertex 0.0384298 0 0.008225
      vertex 0.0384298 -9.41258e-18 0.008225
    endloop
  endfacet
  facet normal 0.974149 0.128249 0.185974
    outer loop
      vertex 0.0384298 0 0.008225
      vertex 0.0371203 0.00994636 0.008225
      vertex 0.0356036 0.00953995 0.01645
    endloop
  endfacet
  facet normal 0.974149 0.128249 0.185974
    outer loop
      vertex 0.0384298 0 0.008225
      vertex 0.0356036 0.00953995 0.01645
      vertex 0.0368595 0 0.01645
    endloop
  endfacet
  facet normal 0.907762 0.376007 0.185974
    outer loop
      vertex 0.0371203 0.00994636 0.008225
      vertex 0.0332812 0.0192149 0.008225
      vertex 0.0319213 0.0184298 0.01645
    endloop
  endfacet
  facet normal 0.907762 0.376007 0.185974
    outer loop
      vertex 0.0371203 0.00994636 0.008225
      vertex 0.0319213 0.0184298 0.01645
      vertex 0.0356036 0.00953995 0.01645
    endloop
  endfacet
  facet normal 0.779513 0.598141 0.185974
    outer loop
      vertex 0.0332812 0.0192149 0.008225
      vertex 0.027174 0.027174 0.008225
      vertex 0.0260636 0.0260636 0.01645
    endloop
  endfacet
  facet normal 0.779513 0.598141 0.185974
    outer loop
      vertex 0.0332812 0.0192149 0.008225
      vertex 0.0260636 0.0260636 0.01645
      vertex 0.0319213 0.0184298 0.01645
    endloop
  endfacet
  facet normal 0.598141 0.779513 0.185974
    outer loop
      vertex 0.027174 0.027174 0.008225
      vertex 0.0192149 0.0332812 0.008225
      vertex 0.0184298 0.0319213 0.01645
    endloop
  endfacet
  facet normal 0.598141 0.779513 0.185974
    outer loop
      vertex 0.027174 0.027174 0.008225
      vertex 0.0184298 0.0319213 0.01645
      vertex 0.0260636 0.0260636 0.01645
    endloop
  endfacet
  facet normal 0.376007 0.907762 0.185974
    outer loop
      vertex 0.0192149 0.0332812 0.008225
      vertex 0.00994636 0.0371203 0.008225
      vertex 0.00953995 0.0356036 0.01645
    endloop
  endfacet
  facet normal 0.376007 0.907762 0.185974
    outer loop
      vertex 0.0192149 0.0332812 0.008225
      vertex 0.00953995 0.0356036 0.01645
      vertex 0.0184298 0.0319213 0.01645
    endloop
  endfacet
  facet normal 0.128249 0.974149 0.185974
    outer loop
      vertex 0.00994636 0.0371203 0.008225
      vertex 2.35314e-18 0.0384298 0.008225
      vertex 2.257e-18 0.0368595 0.01645
    endloop
  endfacet
  facet normal 0.128249 0.974149 0.185974
    outer loop
      vertex 0.00994636 0.0371203 0.008225
      vertex 2.257e-18 0.0368595 0.01645
      vertex 0.00953995 0.0356036 0.01645
    endloop
  endfacet
  facet normal -0.128249 0.974149 0.185974
    outer loop
      vertex 2.35314e-18 0.0384298 0.008225
      vertex -0.00994636 0.0371203 0.008225
      vertex -0.00953995 0.0356036 0.01645
    endloop
  endfacet
  facet normal -0.128249 0.974149 0.185974
    outer loop
      vertex 2.35314e-18 0.0384298 0.008225
      vertex -0.00953995 0.0356036 0.01645
      vertex 2.257e-18 0.0368595 0.01645
    endloop
  endfacet
  facet normal -0.376007 0.907762 0.185974
    outer loop
      vertex -0.00994636 0.0371203 0.008225
      vertex -0.0192149 0.0332812 0.008225
      vertex -0.0184298 0.0319213 0.01645
    endloop
  endfacet
  facet normal -0.376007 0.907762 0.185974
    outer loop
      vertex -0.00994636 0.0371203 0.008225
      vertex -0.0184298 0.0319213 0.01645
      vertex -0.00953995 0.0356036 0.01645
    endloop
  endfacet
  facet normal -0.598141 0.779513 0.185974
    outer loop
      vertex -0.0192149 0.0332812 0.008225
      vertex -0.027174 0.027174 0.008225
      vertex -0.0260636 0.0260636 0.01645
    endloop
  endfacet
  facet normal -0.598141 0.779513 0.185974
    outer loop
      vertex -0.0192149 0.0332812 0.008225
      vertex -0.0260636 0.0260636 0.01645
      vertex -0.0184298 0.0319213 0.01645
    endloop
  endfacet
  facet normal -0.779513 0.598141 0.185974
    outer loop
      vertex -0.027174 0.027174 0.008225
      vertex -0.0332812 0.0192149 0.008225
      vertex -0.0319213 0.0184298 0.01645
    endloop
  endfacet
  facet normal -0.779513 0.598141 0.185974
    outer loop
      vertex -0.027174 0.027174 0.008225
      vertex -0.0319213 0.0184298 0.01645
      vertex -0.0260636 0.0260636 0.01645
    endloop
  endfacet
  facet normal -0.907762 0.376007 0.185974
    outer loop
      vertex -0.0332812 0.0192149 0.008225
      vertex -0.0371203 0.00994636 0.008225
      vertex -0.0356036 0.00953995 0.01645
    endloop
  endfacet
  facet normal -0.907762 0.376007 0.185974
    outer loop
      vertex -0.0332812 0.0192149 0.008225
      vertex -0.0356036 0.00953995 0.01645
      vertex -0.0319213 0.0184298 0.01645
    endloop
  endfacet
  facet normal -0.974149 0.128249 0.185974
    outer loop
      vertex -0.0371203 0.00994636 0.008225
      vertex -0.0384298 4.70629e-18 0.008225
      vertex -0.0368595 4.51399e-18 0.01645
    endloop
  endfacet
  facet normal -0.974149 0.128249 0.185974
    outer loop
      vertex -0.0371203 0.00994636 0.008225
      vertex -0.0368595 4.51399e-18 0.01645
      vertex -0.0356036 0.00953995 0.01645
    endloop
  endfacet
  facet normal -0.974149 -0.128249 0.185974
    outer loop
      vertex -0.0384298 4.70629e-18 0.008225
      vertex -0.0371203 -0.00994636 0.008225
      vertex -0.0356036 -0.00953995 0.01645
    endloop
  endfacet
  facet normal -0.974149 -0.128249 0.185974
    outer loop
      vertex -0.0384298 4.70629e-18 0.008225
      vertex -0.0356036 -0.00953995 0.01645
      vertex -0.0368595 4.51399e-18 0.01645
    endloop
  endfacet
  facet normal -0.907762 -0.376007 0.185974
    outer loop
      vertex -0.0371203 -0.00994636 0.008225
      vertex -0.0332812 -0.0192149 0.008225
      vertex -0.0319213 -0.0184298 0.01645
    endloop
  endfacet
  facet normal -0.907762 -0.376007 0.185974
    outer loop
      vertex -0.0371203 -0.00994636 0.008225
      vertex -0.0319213 -0.0184298 0.01645
      vertex -0.0356036 -0.00953995 0.01645
    endloop
  endfacet
  facet normal -0.779513 -0.598141 0.185974
    outer loop
      vertex -0.0332812 -0.0192149 0.008225
      vertex -0.027174 -0.027174 0.008225
      vertex -0.0260636 -0.0260636 0.01645
    endloop
  endfacet
  facet normal -0.779513 -0.598141 0.185974
    outer loop
      vertex -0.0332812 -0.0192149 0.008225
      vertex -0.0260636 -0.0260636 0.01645
      vertex -0.0319213 -0.0184298 0.01645
    endloop
  endfacet
  facet normal -0.598141 -0.779513 0.185974
    outer loop
      vertex -0.027174 -0.027174 0.008225
      vertex -0.0192149 -0.0332812 0.008225
      vertex -0.0184298 -0.0319213 0.01645
    endloop
  endfacet
  facet normal -0.598141 -0.779513 0.185974
    outer loop
      vertex -0.027174 -0.027174 0.008225
      vertex -0.0184298 -0.0319213 0.01645
      vertex -0.0260636 -0.0260636 0.01645
    endloop
  endfacet
  facet normal -0.376007 -0.907762 0.185974
    outer loop
      vertex -0.0192149 -0.0332812 0.008225
      vertex -0.00994636 -0.0371203 0.008225
      vertex -0.00953995 -0.0356036 0.01645
    endloop
  endfacet
  facet normal -0.376007 -0.907762 0.185974
    outer loop
      vertex -0.0192149 -0.0332812 0.008225
      vertex -0.00953995 -0.0356036 0.01645
      vertex -0.0184298 -0.0319213 0.01645
    endloop
  endfacet
  facet normal -0.128249 -0.974149 0.185974
    outer loop
      vertex -0.00994636 -0.0371203 0.008225
      vertex -7.05943e-18 -0.0384298 0.008225
      vertex -6.77099e-18 -0.0368595 0.01645
    endloop
  endfacet
  facet normal -0.128249 -0.974149 0.185974
    outer loop
      vertex -0.00994636 -0.0371203 0.008225
      vertex -6.77099e-18 -0.0368595 0.01645
      vertex -0.00953995 -0.0356036 0.01645
    endloop
  endfacet
  facet normal 0.128249 -0.974149 0.185974
    outer loop
      vertex -7.05943e-18 -0.0384298 0.008225
      vertex 0.00994636 -0.0371203 0.008225
      vertex 0.00953995 -0.0356036 0.01645
    endloop
  endfacet
  facet normal 0.128249 -0.974149 0.185974
    outer loop
      vertex -7.05943e-18 -0.0384298 0.008225
      vertex 0.00953995 -0.0356036 0.01645
      vertex -6.77099e-18 -0.0368595 0.01645
    endloop
  endfacet
  facet normal 0.376007 -0.907762 0.185974
    outer loop
      vertex 0.00994636 -0.0371203 0.008225
      vertex 0.0192149 -0.0332812 0.008225
      vertex 0.0184298 -0.0319213 0.01645
    endloop
  endfacet
  facet normal 0.376007 -0.907762 0.185974
    outer loop
      vertex 0.00994636 -0.0371203 0.008225
      vertex 0.0184298 -0.0319213 0.01645
      vertex 0.00953995 -0.0356036 0.01645
    endloop
  endfacet
  facet normal 0.598141 -0.779513 0.185974
    outer loop
      vertex 0.0192149 -0.0332812 0.008225
      vertex 0.027174 -0.027174 0.008225
      vertex 0.0260636 -0.0260636 0.01645
    endloop
  endfacet
  facet normal 0.598141 -0.779513 0.185974
    outer loop
      vertex 0.0192149 -0.0332812 0.008225
      vertex 0.0260636 -0.0260636 0.01645
      vertex 0.0184298 -0.0319213 0.01645
    endloop
  endfacet
  facet normal 0.779513 -0.598141 0.185974
    outer loop
      vertex 0.027174 -0.027174 0.008225
      vertex 0.0332812 -0.0192149 0.008225
      vertex 0.0319213 -0.0184298 0.01645
    endloop
  endfacet
  facet normal 0.779513 -0.598141 0.185974
    outer loop
      vertex 0.027174 -0.027174 0.008225
      vertex 0.0319213 -0.0184298 0.01645
      vertex 0.0260636 -0.0260636 0.01645
    endloop
  endfacet
  facet normal 0.907762 -0.376007 0.185974
    outer loop
      vertex 0.0332812 -0.0192149 0.008225
      vertex 0.0371203 -0.00994636 0.008225
      vertex 0.0356036 -0.00953995 0.01645
    endloop
  endfacet
  facet normal 0.907762 -0.376007 0.185974
    outer loop
      vertex 0.0332812 -0.0192149 0.008225
      vertex 0.0356036 -0.00953995 0.01645
      vertex 0.0319213 -0.0184298 0.01645
    endloop
  endfacet
  facet normal 0.974149 -0.128249 0.185974
    outer loop
      vertex 0.0371203 -0.00994636 0.008225
      vertex 0.0384298 -9.41258e-18 0.008225
      vertex 0.0368595 -9.02798e-18 0.01645
    endloop
  endfacet
  facet normal 0.974149 -0.128249 0.185974
    outer loop
      vertex 0.0371203 -0.00994636 0.008225
      vertex 0.0368595 -9.02798e-18 0.01645
      vertex 0.0356036 -0.00953995 0.01645
    endloop
  endfacet
  facet normal 0.98226 -0 0.187522
    outer loop
      vertex 0.0384298 -9.41258e-18 0.008225
      vertex 0.0384298 0 0.008225
      vertex 0.0368595 0 0.01645
    endloop
  endfacet
  facet normal 0.98226 0 0.187522
    outer loop
      vertex 0.0384298 -9.41258e-18 0.008225
      vertex 0.0368595 0 0.01645
      vertex 0.0368595 -9.02798e-18 0.01645
    endloop
  endfacet
  facet normal 0.974149 0.128249 0.185974
    outer loop
      vertex 0.0368595 0 0.01645
      vertex 0.0356036 0.00953995 0.01645
      vertex 0.0340869 0.00913355 0.024675
    endloop
  endfacet
  facet normal 0.974149 0.128249 0.185974
    outer loop
      vertex 0.0368595 0 0.01645
      vertex 0.0340869 0.00913355 0.024675
      vertex 0.0352893 0 0.024675
    endloop
  endfacet
  facet normal 0.907762 0.376007 0.185974
    outer loop
      vertex 0.0356036 0.00953995 0.01645
      vertex 0.0319213 0.0184298 0.01645
      vertex 0.0305614 0.0176447 0.024675
    endloop
  endfacet
  facet normal 0.907762 0.376007 0.185974
    outer loop
      vertex 0.0356036 0.00953995 0.01645
      vertex 0.0305614 0.0176447 0.024675
      vertex 0.0340869 0.00913355 0.024675
    endloop
  endfacet
  facet normal 0.779513 0.598141 0.185974
    outer loop
      vertex 0.0319213 0.0184298 0.01645
      vertex 0.0260636 0.0260636 0.01645
      vertex 0.0249533 0.0249533 0.024675
    endloop
  endfacet
  facet normal 0.779513 0.598141 0.185974
    outer loop
      vertex 0.0319213 0.0184298 0.01645
      vertex 0.0249533 0.0249533 0.024675
      vertex 0.0305614 0.0176447 0.024675
    endloop
  endfacet
  facet normal 0.598141 0.779513 0.185974
    outer loop
      vertex 0.0260636 0.0260636 0.01645
      vertex 0.0184298 0.0319213 0.01645
      vertex 0.0176447 0.0305614 0.024675
    endloop
  endfacet
  facet normal 0.598141 0.779513 0.185974
    outer loop
      vertex 0.0260636 0.0260636 0.01645
      vertex 0.0176447 0.0305614 0.024675
      vertex 0.0249533 0.0249533 0.024675
    endloop
  endfacet
  facet normal 0.376007 0.907762 0.185974
    outer loop
      vertex 0.0184298 0.0319213 0.01645
      vertex 0.00953995 0.0356036 0.01645
      vertex 0.00913355 0.0340869 0.024675
    endloop
  endfacet
  facet normal 0.376007 0.907762 0.185974
    outer loop
      vertex 0.0184298 0.0319213 0.01645
      vertex 0.00913355 0.0340869 0.024675
      vertex 0.0176447 0.0305614 0.024675
    endloop
  endfacet
  facet normal 0.128249 0.974149 0.185974
    outer loop
      vertex 0.00953995 0.0356036 0.01645
      vertex 2.257e-18 0.0368595 0.01645
      vertex 2.16085e-18 0.0352893 0.024675
    endloop
  endfacet
  facet normal 0.128249 0.974149 0.185974
    outer loop
      vertex 0.00953995 0.0356036 0.01645
      vertex 2.16085e-18 0.0352893 0.024675
      vertex 0.00913355 0.0340869 0.024675
    endloop
  endfacet
  facet normal -0.128249 0.974149 0.185974
    outer loop
      vertex 2.257e-18 0.0368595 0.01645
      vertex -0.00953995 0.0356036 0.01645
      vertex -0.00913355 0.0340869 0.024675
    endloop
  endfacet
  facet normal -0.128249 0.974149 0.185974
    outer loop
      vertex 2.257e-18 0.0368595 0.01645
      vertex -0.00913355 0.0340869 0.024675
      vertex 2.16085e-18 0.0352893 0.024675
    endloop
  endfacet
  facet normal -0.376007 0.907762 0.185974
    outer loop
      vertex -0.00953995 0.0356036 0.01645
      vertex -0.0184298 0.0319213 0.01645
      vertex -0.0176447 0.0305614 0.024675
    endloop
  endfacet
  facet normal -0.376007 0.907762 0.185974
    outer loop
      vertex -0.00953995 0.0356036 0.01645
      vertex -0.0176447 0.0305614 0.024675
      vertex -0.00913355 0.0340869 0.024675
    endloop
  endfacet
  facet normal -0.598141 0.779513 0.185974
    outer loop
      vertex -0.0184298 0.0319213 0.01645
      vertex -0.0260636 0.0260636 0.01645
      vertex -0.0249533 0.0249533 0.024675
    endloop
  endfacet
  facet normal -0.598141 0.779513 0.185974
    outer loop
      vertex -0.0184298 0.0319213 0.01645
      vertex -0.0249533 0.0249533 0.024675
      vertex -0.0176447 0.0305614 0.024675
    endloop
  endfacet
  facet normal -0.779513 0.598141 0.185974
    outer loop
      vertex -0.0260636 0.0260636 0.01645
      vertex -0.0319213 0.0184298 0.01645
      vertex -0.0305614 0.0176447 0.024675
    endloop
  endfacet
  facet normal -0.779513 0.598141 0.185974
    outer loop
      vertex -0.0260636 0.0260636 0.01645
      vertex -0.0305614 0.0176447 0.024675
      vertex -0.0249533 0.0249533 0.024675
    endloop
  endfacet
  facet normal -0.907762 0.376007 0.185974
    outer loop
      vertex -0.0319213 0.0184298 0.01645
      vertex -0.0356036 0.00953995 0.01645
      vertex -0.0340869 0.00913355 0.024675
    endloop
  endfacet
  facet normal -0.907762 0.376007 0.185974
    outer loop
      vertex -0.0319213 0.0184298 0.01645
      vertex -0.0340869 0.00913355 0.024675
      vertex -0.0305614 0.0176447 0.024675
    endloop
  endfacet
  facet normal -0.974149 0.128249 0.185974
    outer loop
      vertex -0.0356036 0.00953995 0.01645
      vertex -0.0368595 4.51399e-18 0.01645
      vertex -0.0352893 4.3217e-18 0.024675
    endloop
  endfacet
  facet normal -0.974149 0.128249 0.185974
    outer loop
      vertex -0.0356036 0.00953995 0.01645
      vertex -0.0352893 4.3217e-18 0.024675
      vertex -0.0340869 0.00913355 0.024675
    endloop
  endfacet
  facet normal -0.974149 -0.128249 0.185974
    outer loop
      vertex -0.0368595 4.51399e-18 0.01645
      vertex -0.0356036 -0.00953995 0.01645
      vertex -0.0340869 -0.00913355 0.024675
    endloop
  endfacet
  facet normal -0.974149 -0.128249 0.185974
    outer loop
      vertex -0.0368595 4.51399e-18 0.01645
      vertex -0.0340869 -0.00913355 0.024675
      vertex -0.0352893 4.3217e-18 0.024675
    endloop
  endfacet
  facet normal -0.907762 -0.376007 0.185974
    outer loop
      vertex -0.0356036 -0.00953995 0.01645
      vertex -0.0319213 -0.0184298 0.01645
      vertex -0.0305614 -0.0176447 0.024675
    endloop
  endfacet
  facet normal -0.907762 -0.376007 0.185974
    outer loop
      vertex -0.0356036 -0.00953995 0.01645
      vertex -0.0305614 -0.0176447 0.024675
      vertex -0.0340869 -0.00913355 0.024675
    endloop
  endfacet
  facet normal -0.779513 -0.598141 0.185974
    outer loop
      vertex -0.0319213 -0.0184298 0.01645
      vertex -0.0260636 -0.0260636 0.01645
      vertex -0.0249533 -0.0249533 0.024675
    endloop
  endfacet
  facet normal -0.779513 -0.598141 0.185974
    outer loop
      vertex -0.0319213 -0.0184298 0.01645
      vertex -0.0249533 -0.0249533 0.024675
      vertex -0.0305614 -0.0176447 0.024675
    endloop
  endfacet
  facet normal -0.598141 -0.779513 0.185974
    outer loop
      vertex -0.0260636 -0.0260636 0.01645
      vertex -0.0184298 -0.0319213 0.01645
      vertex -0.0176447 -0.0305614 0.024675
    endloop
  endfacet
  facet normal -0.598141 -0.779513 0.185974
    outer loop
      vertex -0.0260636 -0.0260636 0.01645
      vertex -0.0176447 -0.0305614 0.024675
      vertex -0.0249533 -0.0249533 0.024675
    endloop
  endfacet
  facet normal -0.376007 -0.907762 0.185974
    outer loop
      vertex -0.0184298 -0.0319213 0.01645
      vertex -0.00953995 -0.0356036 0.01645
      vertex -0.00913355 -0.0340869 0.024675
    endloop
  endfacet
  facet normal -0.376007 -0.907762 0.185974
    outer loop
      vertex -0.0184298 -0.0319213 0.01645
      vertex -0.00913355 -0.0340869 0.024675
      vertex -0.0176447 -0.0305614 0.024675
    endloop
  endfacet
  facet normal -0.128249 -0.974149 0.185974
    outer loop
      vertex -0.00953995 -0.0356036 0.01645
      vertex -6.77099e-18 -0.0368595 0.01645
      vertex -6.48254e-18 -0.0352893 0.024675
    endloop
  endfacet
  facet normal -0.128249 -0.974149 0.185974
    outer loop
      vertex -0.00953995 -0.0356036 0.01645
      vertex -6.48254e-18 -0.0352893 0.024675
      vertex -0.00913355 -0.0340869 0.024675
    endloop
  endfacet
  facet normal 0.128249 -0.974149 0.185974
    outer loop
      vertex -6.77099e-18 -0.0368595 0.01645
      vertex 0.00953995 -0.0356036 0.01645
      vertex 0.00913355 -0.0340869 0.024675
    endloop
  endfacet
  facet normal 0.128249 -0.974149 0.185974
    outer loop
      vertex -6.77099e-18 -0.0368595 0.01645
      vertex 0.00913355 -0.0340869 0.024675
      vertex -6.48254e-18 -0.0352893 0.024675
    endloop
  endfacet
  facet normal 0.376007 -0.907762 0.185974
    outer loop
      vertex 0.00953995 -0.0356036 0.01645
      vertex 0.0184298 -0.0319213 0.01645
      vertex 0.0176447 -0.0305614 0.024675
    endloop
  endfacet
  facet normal 0.376007 -0.907762 0.185974
    outer loop
      vertex 0.00953995 -0.0356036 0.01645
      vertex 0.0176447 -0.0305614 0.024675
      vertex 0.00913355 -0.0340869 0.024675
    endloop
  endfacet
  facet normal 0.598141 -0.779513 0.185974
    outer loop
      vertex 0.0184298 -0.0319213 0.01645
      vertex 0.0260636 -0.0260636 0.01645
      vertex 0.0249533 -0.0249533 0.024675
    endloop
  endfacet
  facet normal 0.598141 -0.779513 0.185974
    outer loop
      vertex 0.0184298 -0.0319213 0.01645
      vertex 0.0249533 -0.0249533 0.024675
      vertex 0.0176447 -0.0305614 0.024675
    endloop
  endfacet
  facet normal 0.779513 -0.598141 0.185974
    outer loop
      vertex 0.0260636 -0.0260636 0.01645
      vertex 0.0319213 -0.0184298 0.01645
      vertex 0.0305614 -0.0176447 0.024675
    endloop
  endfacet
  facet normal 0.779513 -0.598141 0.185974
    outer loop
      vertex 0.0260636 -0.0260636 0.01645
      vertex 0.0305614 -0.0176447 0.024675
      vertex 0.0249533 -0.0249533 0.024675
    endloop
  endfacet
  facet normal 0.907762 -0.376007 0.185974
    outer loop
      vertex 0.0319213 -0.0184298 0.01645
      vertex 0.0356036 -0.00953995 0.01645
      vertex 0.0340869 -0.00913355 0.024675
    endloop
  endfacet
  facet normal 0.907762 -0.376007 0.185974
    outer loop
      vertex 0.0319213 -0.0184298 0.01645
      vertex 0.0340869 -0.00913355 0.024675
      vertex 0.0305614 -0.0176447 0.024675
    endloop
  endfacet
  facet normal 0.974149 -0.128249 0.185974
    outer loop
      vertex 0.0356036 -0.00953995 0.01645
      vertex 0.0368595 -9.02798e-18 0.01645
      vertex 0.0352893 -8.64339e-18 0.024675
    endloop
  endfacet
  facet normal 0.974149 -0.128249 0.185974
    outer loop
      vertex 0.0356036 -0.00953995 0.01645
      vertex 0.0352893 -8.64339e-18 0.024675
      vertex 0.0340869 -0.00913355 0.024675
    endloop
  endfacet
  facet normal 0.98226 -0 0.187522
    outer loop
      vertex 0.0368595 -9.02798e-18 0.01645
      vertex 0.0368595 0 0.01645
      vertex 0.0352893 0 0.024675
    endloop
  endfacet
  facet normal 0.98226 0 0.187522
    outer loop
      vertex 0.0368595 -9.02798e-18 0.01645
      vertex 0.0352893 0 0.024675
      vertex 0.0352893 -8.64339e-18 0.024675
    endloop
  endfacet
  facet normal 0.974149 0.128249 0.185974
    outer loop
      vertex 0.0352893 0 0.024675
      vertex 0.0340869 0.00913355 0.024675
      vertex 0.0325701 0.00872714 0.0329
    endloop
  endfacet
  facet normal 0.974149 0.128249 0.185974
    outer loop
      vertex 0.0352893 0 0.024675
      vertex 0.0325701 0.00872714 0.0329
      vertex 0.0337191 0 0.0329
    endloop
  endfacet
  facet normal 0.907762 0.376007 0.185974
    outer loop
      vertex 0.0340869 0.00913355 0.024675
      vertex 0.0305614 0.0176447 0.024675
      vertex 0.0292016 0.0168595 0.0329
    endloop
  endfacet
  facet normal 0.907762 0.376007 0.185974
    outer loop
      vertex 0.0340869 0.00913355 0.024675
      vertex 0.0292016 0.0168595 0.0329
      vertex 0.0325701 0.00872714 0.0329
    endloop
  endfacet
  facet normal 0.779513 0.598141 0.185974
    outer loop
      vertex 0.0305614 0.0176447 0.024675
      vertex 0.0249533 0.0249533 0.024675
      vertex 0.023843 0.023843 0.0329
    endloop
  endfacet
  facet normal 0.779513 0.598141 0.185974
    outer loop
      vertex 0.0305614 0.0176447 0.024675
      vertex 0.023843 0.023843 0.0329
      vertex 0.0292016 0.0168595 0.0329
    endloop
  endfacet
  facet normal 0.598141 0.779513 0.185974
    outer loop
      vertex 0.0249533 0.0249533 0.024675
      vertex 0.0176447 0.0305614 0.024675
      vertex 0.0168595 0.0292016 0.0329
    endloop
  endfacet
  facet normal 0.598141 0.779513 0.185974
    outer loop
      vertex 0.0249533 0.0249533 0.024675
      vertex 0.0168595 0.0292016 0.0329
      vertex 0.023843 0.023843 0.0329
    endloop
  endfacet
  facet normal 0.376007 0.907762 0.185974
    outer loop
      vertex 0.0176447 0.0305614 0.024675
      vertex 0.00913355 0.0340869 0.024675
      vertex 0.00872714 0.0325701 0.0329
    endloop
  endfacet
  facet normal 0.376007 0.907762 0.185974
    outer loop
      vertex 0.0176447 0.0305614 0.024675
      vertex 0.00872714 0.0325701 0.0329
      vertex 0.0168595 0.0292016 0.0329
    endloop
  endfacet
  facet normal 0.128249 0.974149 0.185974
    outer loop
      vertex 0.00913355 0.0340869 0.024675
      vertex 2.16085e-18 0.0352893 0.024675
      vertex 2.0647e-18 0.0337191 0.0329
    endloop
  endfacet
  facet normal 0.128249 0.974149 0.185974
    outer loop
      vertex 0.00913355 0.0340869 0.024675
      vertex 2.0647e-18 0.0337191 0.0329
      vertex 0.00872714 0.0325701 0.0329
    endloop
  endfacet
  facet normal -0.128249 0.974149 0.185974
    outer loop
      vertex 2.16085e-18 0.0352893 0.024675
      vertex -0.00913355 0.0340869 0.024675
      vertex -0.00872714 0.0325701 0.0329
    endloop
  endfacet
  facet normal -0.128249 0.974149 0.185974
    outer loop
      vertex 2.16085e-18 0.0352893 0.024675
      vertex -0.00872714 0.0325701 0.0329
      vertex 2.0647e-18 0.0337191 0.0329
    endloop
  endfacet
  facet normal -0.376007 0.907762 0.185974
    outer loop
      vertex -0.00913355 0.0340869 0.024675
      vertex -0.0176447 0.0305614 0.024675
      vertex -0.0168595 0.0292016 0.0329
    endloop
  endfacet
  facet normal -0.376007 0.907762 0.185974
    outer loop
      vertex -0.00913355 0.0340869 0.024675
      vertex -0.0168595 0.0292016 0.0329
      vertex -0.00872714 0.0325701 0.0329
    endloop
  endfacet
  facet normal -0.598141 0.779513 0.185974
    outer loop
      vertex -0.0176447 0.0305614 0.024675
      vertex -0.0249533 0.0249533 0.024675
      vertex -0.023843 0.023843 0.0329
    endloop
  endfacet
  facet normal -0.598141 0.779513 0.185974
    outer loop
      vertex -0.0176447 0.0305614 0.024675
      vertex -0.023843 0.023843 0.0329
      vertex -0.0168595 0.0292016 0.0329
    endloop
  endfacet
  facet normal -0.779513 0.598141 0.185974
    outer loop
      vertex -0.0249533 0.0249533 0.024675
      vertex -0.0305614 0.0176447 0.024675
      vertex -0.0292016 0.0168595 0.0329
    endloop
  endfacet
  facet normal -0.779513 0.598141 0.185974
    outer loop
      vertex -0.0249533 0.0249533 0.024675
      vertex -0.0292016 0.0168595 0.0329
      vertex -0.023843 0.023843 0.0329
    endloop
  endfacet
  facet normal -0.907762 0.376007 0.185974
    outer loop
      vertex -0.0305614 0.0176447 0.024675
      vertex -0.0340869 0.00913355 0.024675
      vertex -0.0325701 0.00872714 0.0329
    endloop
  endfacet
  facet normal -0.907762 0.376007 0.185974
    outer loop
      vertex -0.0305614 0.0176447 0.024675
      vertex -0.0325701 0.00872714 0.0329
      vertex -0.0292016 0.0168595 0.0329
    endloop
  endfacet
  facet normal -0.974149 0.128249 0.185974
    outer loop
      vertex -0.0340869 0.00913355 0.024675
      vertex -0.0352893 4.3217e-18 0.024675
      vertex -0.0337191 4.1294e-18 0.0329
    endloop
  endfacet
  facet normal -0.974149 0.128249 0.185974
    outer loop
      vertex -0.0340869 0.00913355 0.024675
      vertex -0.0337191 4.1294e-18 0.0329
      vertex -0.0325701 0.00872714 0.0329
    endloop
  endfacet
  facet normal -0.974149 -0.128249 0.185974
    outer loop
      vertex -0.0352893 4.3217e-18 0.024675
      vertex -0.0340869 -0.00913355 0.024675
      vertex -0.0325701 -0.00872714 0.0329
    endloop
  endfacet
  facet normal -0.974149 -0.128249 0.185974
    outer loop
      vertex -0.0352893 4.3217e-18 0.024675
      vertex -0.0325701 -0.00872714 0.0329
      vertex -0.0337191 4.1294e-18 0.0329
    endloop
  endfacet
  facet normal -0.907762 -0.376007 0.185974
    outer loop
      vertex -0.0340869 -0.00913355 0.024675
      vertex -0.0305614 -0.0176447 0.024675
      vertex -0.0292016 -0.0168595 0.0329
    endloop
  endfacet
  facet normal -0.907762 -0.376007 0.185974
    outer loop
      vertex -0.0340869 -0.00913355 0.024675
      vertex -0.0292016 -0.0168595 0.0329
      vertex -0.0325701 -0.00872714 0.0329
    endloop
  endfacet
  facet normal -0.779513 -0.598141 0.185974
    outer loop
      vertex -0.0305614 -0.0176447 0.024675
      vertex -0.0249533 -0.0249533 0.024675
      vertex -0.023843 -0.023843 0.0329
    endloop
  endfacet
  facet normal -0.779513 -0.598141 0.185974
    outer loop
      vertex -0.0305614 -0.0176447 0.024675
      vertex -0.023843 -0.023843 0.0329
      vertex -0.0292016 -0.0168595 0.0329
    endloop
  endfacet
  facet normal -0.598141 -0.779513 0.185974
    outer loop
      vertex -0.0249533 -0.0249533 0.024675
      vertex -0.0176447 -0.0305614 0.024675
      vertex -0.0168595 -0.0292016 0.0329
    endloop
  endfacet
  facet normal -0.598141 -0.779513 0.185974
    outer loop
      vertex -0.0249533 -0.0249533 0.024675
      vertex -0.0168595 -0.0292016 0.0329
      vertex -0.023843 -0.023843 0.0329
    endloop
  endfacet
  facet normal -0.376007 -0.907762 0.185974
    outer loop
      vertex -0.0176447 -0.0305614 0.024675
      vertex -0.00913355 -0.0340869 0.024675
      vertex -0.00872714 -0.0325701 0.0329
    endloop
  endfacet
  facet normal -0.376007 -0.907762 0.185974
    outer loop
      vertex -0.0176447 -0.0305614 0.024675
      vertex -0.00872714 -0.0325701 0.0329
      vertex -0.0168595 -0.0292016 0.0329
    endloop
  endfacet
  facet normal -0.128249 -0.974149 0.185974
    outer loop
      vertex -0.00913355 -0.0340869 0.024675
      vertex -6.48254e-18 -0.0352893 0.024675
      vertex -6.1941e-18 -0.0337191 0.0329
    endloop
  endfacet
  facet normal -0.128249 -0.974149 0.185974
    outer loop
      vertex -0.00913355 -0.0340869 0.024675
      vertex -6.1941e-18 -0.0337191 0.0329
      vertex -0.00872714 -0.0325701 0.0329
    endloop
  endfacet
  facet normal 0.128249 -0.974149 0.185974
    outer loop
      vertex -6.48254e-18 -0.0352893 0.024675
      vertex 0.00913355 -0.0340869 0.024675
      vertex 0.00872714 -0.0325701 0.0329
    endloop
  endfacet
  facet normal 0.128249 -0.974149 0.185974
    outer loop
      vertex -6.48254e-18 -0.0352893 0.024675
      vertex 0.00872714 -0.0325701 0.0329
      vertex -6.1941e-18 -0.0337191 0.0329
    endloop
  endfacet
  facet normal 0.376007 -0.907762 0.185974
    outer loop
      vertex 0.00913355 -0.0340869 0.024675
      vertex 0.0176447 -0.0305614 0.024675
      vertex 0.0168595 -0.0292016 0.0329
    endloop
  endfacet
  facet normal 0.376007 -0.907762 0.185974
    outer loop
      vertex 0.00913355 -0.0340869 0.024675
      vertex 0.0168595 -0.0292016 0.0329
      vertex 0.00872714 -0.0325701 0.0329
    endloop
  endfacet
  facet normal 0.598141 -0.779513 0.185974
    outer loop
      vertex 0.0176447 -0.0305614 0.024675
      vertex 0.0249533 -0.0249533 0.024675
      vertex 0.023843 -0.023843 0.0329
    endloop
  endfacet
  facet normal 0.598141 -0.779513 0.185974
    outer loop
      vertex 0.0176447 -0.0305614 0.024675
      vertex 0.023843 -0.023843 0.0329
      vertex 0.0168595 -0.0292016 0.0329
    endloop
  endfacet
  facet normal 0.779513 -0.598141 0.185974
    outer loop
      vertex 0.0249533 -0.0249533 0.024675
      vertex 0.0305614 -0.0176447 0.024675
      vertex 0.0292016 -0.0168595 0.0329
    endloop
  endfacet
  facet normal 0.779513 -0.598141 0.185974
    outer loop
      vertex 0.0249533 -0.0249533 0.024675
      vertex 0.0292016 -0.0168595 0.0329
      vertex 0.023843 -0.023843 0.0329
    endloop
  endfacet
  facet normal 0.907762 -0.376007 0.185974
    outer loop
      vertex 0.0305614 -0.0176447 0.024675
      vertex 0.0340869 -0.00913355 0.024675
      vertex 0.0325701 -0.00872714 0.0329
    endloop
  endfacet
  facet normal 0.907762 -0.376007 0.185974
    outer loop
      vertex 0.0305614 -0.0176447 0.024675
      vertex 0.0325701 -0.00872714 0.0329
      vertex 0.0292016 -0.0168595 0.0329
    endloop
  endfacet
  facet normal 0.974149 -0.128249 0.185974
    outer loop
      vertex 0.0340869 -0.00913355 0.024675
      vertex 0.0352893 -8.64339e-18 0.024675
      vertex 0.0337191 -8.2588e-18 0.0329
    endloop
  endfacet
  facet normal 0.974149 -0.128249 0.185974
    outer loop
      vertex 0.0340869 -0.00913355 0.024675
      vertex 0.0337191 -8.2588e-18 0.0329
      vertex 0.0325701 -0.00872714 0.0329
    endloop
  endfacet
  facet normal 0.98226 -0 0.187522
    outer loop
      vertex 0.0352893 -8.64339e-18 0.024675
      vertex 0.0352893 0 0.024675
      vertex 0.0337191 0 0.0329
    endloop
  endfacet
  facet normal 0.98226 0 0.187522
    outer loop
      vertex 0.0352893 -8.64339e-18 0.024675
      vertex 0.0337191 0 0.0329
      vertex 0.0337191 -8.2588e-18 0.0329
    endloop
  endfacet
  facet normal 0.974149 0.128249 0.185974
    outer loop
      vertex 0.0337191 0 0.0329
      vertex 0.0325701 0.00872714 0.0329
      vertex 0.0310534 0.00832074 0.041125
    endloop
  endfacet
  facet normal 0.974149 0.128249 0.185974
    outer loop
      vertex 0.0337191 0 0.0329
      vertex 0.0310534 0.00832074 0.041125
      vertex 0.0321489 0 0.041125
    endloop
  endfacet
  facet normal 0.907762 0.376007 0.185974
    outer loop
      vertex 0.0325701 0.00872714 0.0329
      vertex 0.0292016 0.0168595 0.0329
      vertex 0.0278417 0.0160744 0.041125
    endloop
  endfacet
  facet normal 0.907762 0.376007 0.185974
    outer loop
      vertex 0.0325701 0.00872714 0.0329
      vertex 0.0278417 0.0160744 0.041125
      vertex 0.0310534 0.00832074 0.041125
    endloop
  endfacet
  facet normal 0.779513 0.598141 0.185974
    outer loop
      vertex 0.0292016 0.0168595 0.0329
      vertex 0.023843 0.023843 0.0329
      vertex 0.0227327 0.0227327 0.041125
    endloop
  endfacet
  facet normal 0.779513 0.598141 0.185974
    outer loop
      vertex 0.0292016 0.0168595 0.0329
      vertex 0.0227327 0.0227327 0.041125
      vertex 0.0278417 0.0160744 0.041125
    endloop
  endfacet
  facet normal 0.598141 0.779513 0.185974
    outer loop
      vertex 0.023843 0.023843 0.0329
      vertex 0.0168595 0.0292016 0.0329
      vertex 0.0160744 0.0278417 0.041125
    endloop
  endfacet
  facet normal 0.598141 0.779513 0.185974
    outer loop
      vertex 0.023843 0.023843 0.0329
      vertex 0.0160744 0.0278417 0.041125
      vertex 0.0227327 0.0227327 0.041125
    endloop
  endfacet
  facet normal 0.376007 0.907762 0.185974
    outer loop
      vertex 0.0168595 0.0292016 0.0329
      vertex 0.00872714 0.0325701 0.0329
      vertex 0.00832074 0.0310534 0.041125
    endloop
  endfacet
  facet normal 0.376007 0.907762 0.185974
    outer loop
      vertex 0.0168595 0.0292016 0.0329
      vertex 0.00832074 0.0310534 0.041125
      vertex 0.0160744 0.0278417 0.041125
    endloop
  endfacet
  facet normal 0.128249 0.974149 0.185974
    outer loop
      vertex 0.00872714 0.0325701 0.0329
      vertex 2.0647e-18 0.0337191 0.0329
      vertex 1.96855e-18 0.0321489 0.041125
    endloop
  endfacet
  facet normal 0.128249 0.974149 0.185974
    outer loop
      vertex 0.00872714 0.0325701 0.0329
      vertex 1.96855e-18 0.0321489 0.041125
      vertex 0.00832074 0.0310534 0.041125
    endloop
  endfacet
  facet normal -0.128249 0.974149 0.185974
    outer loop
      vertex 2.0647e-18 0.0337191 0.0329
      vertex -0.00872714 0.0325701 0.0329
      vertex -0.00832074 0.0310534 0.041125
    endloop
  endfacet
  facet normal -0.128249 0.974149 0.185974
    outer loop
      vertex 2.0647e-18 0.0337191 0.0329
      vertex -0.00832074 0.0310534 0.041125
      vertex 1.96855e-18 0.0321489 0.041125
    endloop
  endfacet
  facet normal -0.376007 0.907762 0.185974
    outer loop
      vertex -0.00872714 0.0325701 0.0329
      vertex -0.0168595 0.0292016 0.0329
      vertex -0.0160744 0.0278417 0.041125
    endloop
  endfacet
  facet normal -0.376007 0.907762 0.185974
    outer loop
      vertex -0.00872714 0.0325701 0.0329
      vertex -0.0160744 0.0278417 0.041125
      vertex -0.00832074 0.0310534 0.041125
    endloop
  endfacet
  facet normal -0.598141 0.779513 0.185974
    outer loop
      vertex -0.0168595 0.0292016 0.0329
      vertex -0.023843 0.023843 0.0329
      vertex -0.0227327 0.0227327 0.041125
    endloop
  endfacet
  facet normal -0.598141 0.779513 0.185974
    outer loop
      vertex -0.0168595 0.0292016 0.0329
      vertex -0.0227327 0.0227327 0.041125
      vertex -0.0160744 0.0278417 0.041125
    endloop
  endfacet
  facet normal -0.779513 0.598141 0.185974
    outer loop
      vertex -0.023843 0.023843 0.0329
      vertex -0.0292016 0.0168595 0.0329
      vertex -0.0278417 0.0160744 0.041125
    endloop
  endfacet
  facet normal -0.779513 0.598141 0.185974
    outer loop
      vertex -0.023843 0.023843 0.0329
      vertex -0.0278417 0.0160744 0.041125
      vertex -0.0227327 0.0227327 0.041125
    endloop
  endfacet
  facet normal -0.907762 0.376007 0.185974
    outer loop
      vertex -0.0292016 0.0168595 0.0329
      vertex -0.0325701 0.00872714 0.0329
      vertex -0.0310534 0.00832074 0.041125
    endloop
  endfacet
  facet normal -0.907762 0.376007 0.185974
    outer loop
      vertex -0.0292016 0.0168595 0.0329
      vertex -0.0310534 0.00832074 0.041125
      vertex -0.0278417 0.0160744 0.041125
    endloop
  endfacet
  facet normal -0.974149 0.128249 0.185974
    outer loop
      vertex -0.0325701 0.00872714 0.0329
      vertex -0.0337191 4.1294e-18 0.0329
      vertex -0.0321489 3.9371e-18 0.041125
    endloop
  endfacet
  facet normal -0.974149 0.128249 0.185974
    outer loop
      vertex -0.0325701 0.00872714 0.0329
      vertex -0.0321489 3.9371e-18 0.041125
      vertex -0.0310534 0.00832074 0.041125
    endloop
  endfacet
  facet normal -0.974149 -0.128249 0.185974
    outer loop
      vertex -0.0337191 4.1294e-18 0.0329
      vertex -0.0325701 -0.00872714 0.0329
      vertex -0.0310534 -0.00832074 0.041125
    endloop
  endfacet
  facet normal -0.974149 -0.128249 0.185974
    outer loop
      vertex -0.0337191 4.1294e-18 0.0329
      vertex -0.0310534 -0.00832074 0.041125
      vertex -0.0321489 3.9371e-18 0.041125
    endloop
  endfacet
  facet normal -0.907762 -0.376007 0.185974
    outer loop
      vertex -0.0325701 -0.00872714 0.0329
      vertex -0.0292016 -0.0168595 0.0329
      vertex -0.0278417 -0.0160744 0.041125
    endloop
  endfacet
  facet normal -0.907762 -0.376007 0.185974
    outer loop
      vertex -0.0325701 -0.00872714 0.0329
      vertex -0.0278417 -0.0160744 0.041125
      vertex -0.0310534 -0.00832074 0.041125
    endloop
  endfacet
  facet normal -0.779513 -0.598141 0.185974
    outer loop
      vertex -0.0292016 -0.0168595 0.0329
      vertex -0.023843 -0.023843 0.0329
      vertex -0.0227327 -0.0227327 0.041125
    endloop
  endfacet
  facet normal -0.779513 -0.598141 0.185974
    outer loop
      vertex -0.0292016 -0.0168595 0.0329
      vertex -0.0227327 -0.0227327 0.041125
      vertex -0.0278417 -0.0160744 0.041125
    endloop
  endfacet
  facet normal -0.598141 -0.779513 0.185974
    outer loop
      vertex -0.023843 -0.023843 0.0329
      vertex -0.0168595 -0.0292016 0.0329
      vertex -0.0160744 -0.0278417 0.041125
    endloop
  endfacet
  facet normal -0.598141 -0.779513 0.185974
    outer loop
      vertex -0.023843 -0.023843 0.0329
      vertex -0.0160744 -0.0278417 0.041125
      vertex -0.0227327 -0.0227327 0.041125
    endloop
  endfacet
  facet normal -0.376007 -0.907762 0.185974
    outer loop
      vertex -0.0168595 -0.0292016 0.0329
      vertex -0.00872714 -0.0325701 0.0329
      vertex -0.00832074 -0.0310534 0.041125
    endloop
  endfacet
  facet normal -0.376007 -0.907762 0.185974
    outer loop
      vertex -0.0168595 -0.0292016 0.0329
      vertex -0.00832074 -0.0310534 0.041125
      vertex -0.0160744 -0.0278417 0.041125
    endloop
  endfacet
  facet normal -0.128249 -0.974149 0.185974
    outer loop
      vertex -0.00872714 -0.0325701 0.0329
      vertex -6.1941e-18 -0.0337191 0.0329
      vertex -5.90565e-18 -0.0321489 0.041125
    endloop
  endfacet
  facet normal -0.128249 -0.974149 0.185974
    outer loop
      vertex -0.00872714 -0.0325701 0.0329
      vertex -5.90565e-18 -0.0321489 0.041125
      vertex -0.00832074 -0.0310534 0.041125
    endloop
  endfacet
  facet normal 0.128249 -0.974149 0.185974
    outer loop
      vertex -6.1941e-18 -0.0337191 0.0329
      vertex 0.00872714 -0.0325701 0.0329
      vertex 0.00832074 -0.0310534 0.041125
    endloop
  endfacet
  facet normal 0.128249 -0.974149 0.185974
    outer loop
      vertex -6.1941e-18 -0.0337191 0.0329
      vertex 0.00832074 -0.0310534 0.041125
      vertex -5.90565e-18 -0.0321489 0.041125
    endloop
  endfacet
  facet normal 0.376007 -0.907762 0.185974
    outer loop
      vertex 0.00872714 -0.0325701 0.0329
      vertex 0.0168595 -0.0292016 0.0329
      vertex 0.0160744 -0.0278417 0.041125
    endloop
  endfacet
  facet normal 0.376007 -0.907762 0.185974
    outer loop
      vertex 0.00872714 -0.0325701 0.0329
      vertex 0.0160744 -0.0278417 0.041125
      vertex 0.00832074 -0.0310534 0.041125
    endloop
  endfacet
  facet normal 0.598141 -0.779513 0.185974
    outer loop
      vertex 0.0168595 -0.0292016 0.0329
      vertex 0.023843 -0.023843 0.0329
      vertex 0.0227327 -0.0227327 0.041125
    endloop
  endfacet
  facet normal 0.598141 -0.779513 0.185974
    outer loop
      vertex 0.0168595 -0.0292016 0.0329
      vertex 0.0227327 -0.0227327 0.041125
      vertex 0.0160744 -0.0278417 0.041125
    endloop
  endfacet
  facet normal 0.779513 -0.598141 0.185974
    outer loop
      vertex 0.023843 -0.023843 0.0329
      vertex 0.0292016 -0.0168595 0.0329
      vertex 0.0278417 -0.0160744 0.041125
    endloop
  endfacet
  facet normal 0.779513 -0.598141 0.185974
    outer loop
      vertex 0.023843 -0.023843 0.0329
      vertex 0.0278417 -0.0160744 0.041125
      vertex 0.0227327 -0.0227327 0.041125
    endloop
  endfacet
  facet normal 0.907762 -0.376007 0.185974
    outer loop
      vertex 0.0292016 -0.0168595 0.0329
      vertex 0.0325701 -0.00872714 0.0329
      vertex 0.0310534 -0.00832074 0.041125
    endloop
  endfacet
  facet normal 0.907762 -0.376007 0.185974
    outer loop
      vertex 0.0292016 -0.0168595 0.0329
      vertex 0.0310534 -0.00832074 0.041125
      vertex 0.0278417 -0.0160744 0.041125
    endloop
  endfacet
  facet normal 0.974149 -0.128249 0.185974
    outer loop
      vertex 0.0325701 -0.00872714 0.0329
      vertex 0.0337191 -8.2588e-18 0.0329
      vertex 0.0321489 -7.8742e-18 0.041125
    endloop
  endfacet
  facet normal 0.974149 -0.128249 0.185974
    outer loop
      vertex 0.0325701 -0.00872714 0.0329
      vertex 0.0321489 -7.8742e-18 0.041125
      vertex 0.0310534 -0.00832074 0.041125
    endloop
  endfacet
  facet normal 0.98226 -0 0.187522
    outer loop
      vertex 0.0337191 -8.2588e-18 0.0329
      vertex 0.0337191 0 0.0329
      vertex 0.0321489 0 0.041125
    endloop
  endfacet
  facet normal 0.98226 0 0.187522
    outer loop
      vertex 0.0337191 -8.2588e-18 0.0329
      vertex 0.0321489 0 0.041125
      vertex 0.0321489 -7.8742e-18 0.041125
    endloop
  endfacet
  facet normal 0.974149 0.128249 0.185974
    outer loop
      vertex 0.0321489 0 0.041125
      vertex 0.0310534 0.00832074 0.041125
      vertex 0.0295367 0.00791433 0.04935
    endloop
  endfacet
  facet normal 0.974149 0.128249 0.185974
    outer loop
      vertex 0.0321489 0 0.041125
      vertex 0.0295367 0.00791433 0.04935
      vertex 0.0305786 0 0.04935
    endloop
  endfacet
  facet normal 0.907762 0.376007 0.185974
    outer loop
      vertex 0.0310534 0.00832074 0.041125
      vertex 0.0278417 0.0160744 0.041125
      vertex 0.0264819 0.0152893 0.04935
    endloop
  endfacet
  facet normal 0.907762 0.376007 0.185974
    outer loop
      vertex 0.0310534 0.00832074 0.041125
      vertex 0.0264819 0.0152893 0.04935
      vertex 0.0295367 0.00791433 0.04935
    endloop
  endfacet
  facet normal 0.779513 0.598141 0.185974
    outer loop
      vertex 0.0278417 0.0160744 0.041125
      vertex 0.0227327 0.0227327 0.041125
      vertex 0.0216224 0.0216224 0.04935
    endloop
  endfacet
  facet normal 0.779513 0.598141 0.185974
    outer loop
      vertex 0.0278417 0.0160744 0.041125
      vertex 0.0216224 0.0216224 0.04935
      vertex 0.0264819 0.0152893 0.04935
    endloop
  endfacet
  facet normal 0.598141 0.779513 0.185974
    outer loop
      vertex 0.0227327 0.0227327 0.041125
      vertex 0.0160744 0.0278417 0.041125
      vertex 0.0152893 0.0264819 0.04935
    endloop
  endfacet
  facet normal 0.598141 0.779513 0.185974
    outer loop
      vertex 0.0227327 0.0227327 0.041125
      vertex 0.0152893 0.0264819 0.04935
      vertex 0.0216224 0.0216224 0.04935
    endloop
  endfacet
  facet normal 0.376007 0.907762 0.185974
    outer loop
      vertex 0.0160744 0.0278417 0.041125
      vertex 0.00832074 0.0310534 0.041125
      vertex 0.00791433 0.0295367 0.04935
    endloop
  endfacet
  facet normal 0.376007 0.907762 0.185974
    outer loop
      vertex 0.0160744 0.0278417 0.041125
      vertex 0.00791433 0.0295367 0.04935
      vertex 0.0152893 0.0264819 0.04935
    endloop
  endfacet
  facet normal 0.128249 0.974149 0.185974
    outer loop
      vertex 0.00832074 0.0310534 0.041125
      vertex 1.96855e-18 0.0321489 0.041125
      vertex 1.8724e-18 0.0305786 0.04935
    endloop
  endfacet
  facet normal 0.128249 0.974149 0.185974
    outer loop
      vertex 0.00832074 0.0310534 0.041125
      vertex 1.8724e-18 0.0305786 0.04935
      vertex 0.00791433 0.0295367 0.04935
    endloop
  endfacet
  facet normal -0.128249 0.974149 0.185974
    outer loop
      vertex 1.96855e-18 0.0321489 0.041125
      vertex -0.00832074 0.0310534 0.041125
      vertex -0.00791433 0.0295367 0.04935
    endloop
  endfacet
  facet normal -0.128249 0.974149 0.185974
    outer loop
      vertex 1.96855e-18 0.0321489 0.041125
      vertex -0.00791433 0.0295367 0.04935
      vertex 1.8724e-18 0.0305786 0.04935
    endloop
  endfacet
  facet normal -0.376007 0.907762 0.185974
    outer loop
      vertex -0.00832074 0.0310534 0.041125
      vertex -0.0160744 0.0278417 0.041125
      vertex -0.0152893 0.0264819 0.04935
    endloop
  endfacet
  facet normal -0.376007 0.907762 0.185974
    outer loop
      vertex -0.00832074 0.0310534 0.041125
      vertex -0.0152893 0.0264819 0.04935
      vertex -0.00791433 0.0295367 0.04935
    endloop
  endfacet
  facet normal -0.598141 0.779513 0.185974
    outer loop
      vertex -0.0160744 0.0278417 0.041125
      vertex -0.0227327 0.0227327 0.041125
      vertex -0.0216224 0.0216224 0.04935
    endloop
  endfacet
  facet normal -0.598141 0.779513 0.185974
    outer loop
      vertex -0.0160744 0.0278417 0.041125
      vertex -0.0216224 0.0216224 0.04935
      vertex -0.0152893 0.0264819 0.04935
    endloop
  endfacet
  facet normal -0.779513 0.598141 0.185974
    outer loop
      vertex -0.0227327 0.0227327 0.041125
      vertex -0.0278417 0.0160744 0.041125
      vertex -0.0264819 0.0152893 0.04935
    endloop
  endfacet
  facet normal -0.779513 0.598141 0.185974
    outer loop
      vertex -0.0227327 0.0227327 0.041125
      vertex -0.0264819 0.0152893 0.04935
      vertex -0.0216224 0.0216224 0.04935
    endloop
  endfacet
  facet normal -0.907762 0.376007 0.185974
    outer loop
      vertex -0.0278417 0.0160744 0.041125
      vertex -0.0310534 0.00832074 0.041125
      vertex -0.0295367 0.00791433 0.04935
    endloop
  endfacet
  facet normal -0.907762 0.376007 0.185974
    outer loop
      vertex -0.0278417 0.0160744 0.041125
      vertex -0.0295367 0.00791433 0.04935
      vertex -0.0264819 0.0152893 0.04935
    endloop
  endfacet
  facet normal -0.974149 0.128249 0.185974
    outer loop
      vertex -0.0310534 0.00832074 0.041125
      vertex -0.0321489 3.9371e-18 0.041125
      vertex -0.0305786 3.7448e-18 0.04935
    endloop
  endfacet
  facet normal -0.974149 0.128249 0.185974
    outer loop
      vertex -0.0310534 0.00832074 0.041125
      vertex -0.0305786 3.7448e-18 0.04935
      vertex -0.0295367 0.00791433 0.04935
    endloop
  endfacet
  facet normal -0.974149 -0.128249 0.185974
    outer loop
      vertex -0.0321489 3.9371e-18 0.041125
      vertex -0.0310534 -0.00832074 0.041125
      vertex -0.0295367 -0.00791433 0.04935
    endloop
  endfacet
  facet normal -0.974149 -0.128249 0.185974
    outer loop
      vertex -0.0321489 3.9371e-18 0.041125
      vertex -0.0295367 -0.00791433 0.04935
      vertex -0.0305786 3.7448e-18 0.04935
    endloop
  endfacet
  facet normal -0.907762 -0.376007 0.185974
    outer loop
      vertex -0.0310534 -0.00832074 0.041125
      vertex -0.0278417 -0.0160744 0.041125
      vertex -0.0264819 -0.0152893 0.04935
    endloop
  endfacet
  facet normal -0.907762 -0.376007 0.185974
    outer loop
      vertex -0.0310534 -0.00832074 0.041125
      vertex -0.0264819 -0.0152893 0.04935
      vertex -0.0295367 -0.00791433 0.04935
    endloop
  endfacet
  facet normal -0.779513 -0.598141 0.185974
    outer loop
      vertex -0.0278417 -0.0160744 0.041125
      vertex -0.0227327 -0.0227327 0.041125
      vertex -0.0216224 -0.0216224 0.04935
    endloop
  endfacet
  facet normal -0.779513 -0.598141 0.185974
    outer loop
      vertex -0.0278417 -0.0160744 0.041125
      vertex -0.0216224 -0.0216224 0.04935
      vertex -0.0264819 -0.0152893 0.04935
    endloop
  endfacet
  facet normal -0.598141 -0.779513 0.185974
    outer loop
      vertex -0.0227327 -0.0227327 0.041125
      vertex -0.0160744 -0.0278417 0.041125
      vertex -0.0152893 -0.0264819 0.04935
    endloop
  endfacet
  facet normal -0.598141 -0.779513 0.185974
    outer loop
      vertex -0.0227327 -0.0227327 0.041125
      vertex -0.0152893 -0.0264819 0.04935
      vertex -0.0216224 -0.0216224 0.04935
    endloop
  endfacet
  facet normal -0.376007 -0.907762 0.185974
    outer loop
      vertex -0.0160744 -0.0278417 0.041125
      vertex -0.00832074 -0.0310534 0.041125
      vertex -0.00791433 -0.0295367 0.04935
    endloop
  endfacet
  facet normal -0.376007 -0.907762 0.185974
    outer loop
      vertex -0.0160744 -0.0278417 0.041125
      vertex -0.00791433 -0.0295367 0.04935
      vertex -0.0152893 -0.0264819 0.04935
    endloop
  endfacet
  facet normal -0.128249 -0.974149 0.185974
    outer loop
      vertex -0.00832074 -0.0310534 0.041125
      vertex -5.90565e-18 -0.0321489 0.041125
      vertex -5.6172e-18 -0.0305786 0.04935
    endloop
  endfacet
  facet normal -0.128249 -0.974149 0.185974
    outer loop
      vertex -0.00832074 -0.0310534 0.041125
      vertex -5.6172e-18 -0.0305786 0.04935
      vertex -0.00791433 -0.0295367 0.04935
    endloop
  endfacet
  facet normal 0.128249 -0.974149 0.185974
    outer loop
      vertex -5.90565e-18 -0.0321489 0.041125
      vertex 0.00832074 -0.0310534 0.041125
      vertex 0.00791433 -0.0295367 0.04935
    endloop
  endfacet
  facet normal 0.128249 -0.974149 0.185974
    outer loop
      vertex -5.90565e-18 -0.0321489 0.041125
      vertex 0.00791433 -0.0295367 0.04935
      vertex -5.6172e-18 -0.0305786 0.04935
    endloop
  endfacet
  facet normal 0.376007 -0.907762 0.185974
    outer loop
      vertex 0.00832074 -0.0310534 0.041125
      vertex 0.0160744 -0.0278417 0.041125
      vertex 0.0152893 -0.0264819 0.04935
    endloop
  endfacet
  facet normal 0.376007 -0.907762 0.185974
    outer loop
      vertex 0.00832074 -0.0310534 0.041125
      vertex 0.0152893 -0.0264819 0.04935
      vertex 0.00791433 -0.0295367 0.04935
    endloop
  endfacet
  facet normal 0.598141 -0.779513 0.185974
    outer loop
      vertex 0.0160744 -0.0278417 0.041125
      vertex 0.0227327 -0.0227327 0.041125
      vertex 0.0216224 -0.0216224 0.04935
    endloop
  endfacet
  facet normal 0.598141 -0.779513 0.185974
    outer loop
      vertex 0.0160744 -0.0278417 0.041125
      vertex 0.0216224 -0.0216224 0.04935
      vertex 0.0152893 -0.0264819 0.04935
    endloop
  endfacet
  facet normal 0.779513 -0.598141 0.185974
    outer loop
      vertex 0.0227327 -0.0227327 0.041125
      vertex 0.0278417 -0.0160744 0.041125
      vertex 0.0264819 -0.0152893 0.04935
    endloop
  endfacet
  facet normal 0.779513 -0.598141 0.185974
    outer loop
      vertex 0.0227327 -0.0227327 0.041125
      vertex 0.0264819 -0.0152893 0.04935
      vertex 0.0216224 -0.0216224 0.04935
    endloop
  endfacet
  facet normal 0.907762 -0.376007 0.185974
    outer loop
      vertex 0.0278417 -0.0160744 0.041125
      vertex 0.0310534 -0.00832074 0.041125
      vertex 0.0295367 -0.00791433 0.04935
    endloop
  endfacet
  facet normal 0.907762 -0.376007 0.185974
    outer loop
      vertex 0.0278417 -0.0160744 0.041125
      vertex 0.0295367 -0.00791433 0.04935
      vertex 0.0264819 -0.0152893 0.04935
    endloop
  endfacet
  facet normal 0.974149 -0.128249 0.185974
    outer loop
      vertex 0.0310534 -0.00832074 0.041125
      vertex 0.0321489 -7.8742e-18 0.041125
      vertex 0.0305786 -7.48961e-18 0.04935
    endloop
  endfacet
  facet normal 0.974149 -0.128249 0.185974
    outer loop
      vertex 0.0310534 -0.00832074 0.041125
      vertex 0.0305786 -7.48961e-18 0.04935
      vertex 0.0295367 -0.00791433 0.04935
    endloop
  endfacet
  facet normal 0.98226 -0 0.187522
    outer loop
      vertex 0.0321489 -7.8742e-18 0.041125
      vertex 0.0321489 0 0.041125
      vertex 0.0305786 0 0.04935
    endloop
  endfacet
  facet normal 0.98226 0 0.187522
    outer loop
      vertex 0.0321489 -7.8742e-18 0.041125
      vertex 0.0305786 0 0.04935
      vertex 0.0305786 -7.48961e-18 0.04935
    endloop
  endfacet
  facet normal 0.986527 0.129879 0.0994764
    outer loop
      vertex 0.0305786 0 0.04935
      vertex 0.0295367 0.00791433 0.04935
      vertex 0.0287356 0.00769968 0.057575
    endloop
  endfacet
  facet normal 0.986527 0.129879 0.0994764
    outer loop
      vertex 0.0305786 0 0.04935
      vertex 0.0287356 0.00769968 0.057575
      vertex 0.0297493 0 0.057575
    endloop
  endfacet
  facet normal 0.919297 0.380785 0.0994764
    outer loop
      vertex 0.0295367 0.00791433 0.04935
      vertex 0.0264819 0.0152893 0.04935
      vertex 0.0257636 0.0148746 0.057575
    endloop
  endfacet
  facet normal 0.919297 0.380785 0.0994764
    outer loop
      vertex 0.0295367 0.00791433 0.04935
      vertex 0.0257636 0.0148746 0.057575
      vertex 0.0287356 0.00769968 0.057575
    endloop
  endfacet
  facet normal 0.789418 0.605742 0.0994764
    outer loop
      vertex 0.0264819 0.0152893 0.04935
      vertex 0.0216224 0.0216224 0.04935
      vertex 0.0210359 0.0210359 0.057575
    endloop
  endfacet
  facet normal 0.789418 0.605742 0.0994764
    outer loop
      vertex 0.0264819 0.0152893 0.04935
      vertex 0.0210359 0.0210359 0.057575
      vertex 0.0257636 0.0148746 0.057575
    endloop
  endfacet
  facet normal 0.605742 0.789418 0.0994764
    outer loop
      vertex 0.0216224 0.0216224 0.04935
      vertex 0.0152893 0.0264819 0.04935
      vertex 0.0148746 0.0257636 0.057575
    endloop
  endfacet
  facet normal 0.605742 0.789418 0.0994764
    outer loop
      vertex 0.0216224 0.0216224 0.04935
      vertex 0.0148746 0.0257636 0.057575
      vertex 0.0210359 0.0210359 0.057575
    endloop
  endfacet
  facet normal 0.380785 0.919297 0.0994764
    outer loop
      vertex 0.0152893 0.0264819 0.04935
      vertex 0.00791433 0.0295367 0.04935
      vertex 0.00769968 0.0287356 0.057575
    endloop
  endfacet
  facet normal 0.380785 0.919297 0.0994764
    outer loop
      vertex 0.0152893 0.0264819 0.04935
      vertex 0.00769968 0.0287356 0.057575
      vertex 0.0148746 0.0257636 0.057575
    endloop
  endfacet
  facet normal 0.129879 0.986527 0.0994764
    outer loop
      vertex 0.00791433 0.0295367 0.04935
      vertex 1.8724e-18 0.0305786 0.04935
      vertex 1.82162e-18 0.0297493 0.057575
    endloop
  endfacet
  facet normal 0.129879 0.986527 0.0994764
    outer loop
      vertex 0.00791433 0.0295367 0.04935
      vertex 1.82162e-18 0.0297493 0.057575
      vertex 0.00769968 0.0287356 0.057575
    endloop
  endfacet
  facet normal -0.129879 0.986527 0.0994764
    outer loop
      vertex 1.8724e-18 0.0305786 0.04935
      vertex -0.00791433 0.0295367 0.04935
      vertex -0.00769968 0.0287356 0.057575
    endloop
  endfacet
  facet normal -0.129879 0.986527 0.0994764
    outer loop
      vertex 1.8724e-18 0.0305786 0.04935
      vertex -0.00769968 0.0287356 0.057575
      vertex 1.82162e-18 0.0297493 0.057575
    endloop
  endfacet
  facet normal -0.380785 0.919297 0.0994764
    outer loop
      vertex -0.00791433 0.0295367 0.04935
      vertex -0.0152893 0.0264819 0.04935
      vertex -0.0148746 0.0257636 0.057575
    endloop
  endfacet
  facet normal -0.380785 0.919297 0.0994764
    outer loop
      vertex -0.00791433 0.0295367 0.04935
      vertex -0.0148746 0.0257636 0.057575
      vertex -0.00769968 0.0287356 0.057575
    endloop
  endfacet
  facet normal -0.605742 0.789418 0.0994764
    outer loop
      vertex -0.0152893 0.0264819 0.04935
      vertex -0.0216224 0.0216224 0.04935
      vertex -0.0210359 0.0210359 0.057575
    endloop
  endfacet
  facet normal -0.605742 0.789418 0.0994764
    outer loop
      vertex -0.0152893 0.0264819 0.04935
      vertex -0.0210359 0.0210359 0.057575
      vertex -0.0148746 0.0257636 0.057575
    endloop
  endfacet
  facet normal -0.789418 0.605742 0.0994764
    outer loop
      vertex -0.0216224 0.0216224 0.04935
      vertex -0.0264819 0.0152893 0.04935
      vertex -0.0257636 0.0148746 0.057575
    endloop
  endfacet
  facet normal -0.789418 0.605742 0.0994764
    outer loop
      vertex -0.0216224 0.0216224 0.04935
      vertex -0.0257636 0.0148746 0.057575
      vertex -0.0210359 0.0210359 0.057575
    endloop
  endfacet
  facet normal -0.919297 0.380785 0.0994764
    outer loop
      vertex -0.0264819 0.0152893 0.04935
      vertex -0.0295367 0.00791433 0.04935
      vertex -0.0287356 0.00769968 0.057575
    endloop
  endfacet
  facet normal -0.919297 0.380785 0.0994764
    outer loop
      vertex -0.0264819 0.0152893 0.04935
      vertex -0.0287356 0.00769968 0.057575
      vertex -0.0257636 0.0148746 0.057575
    endloop
  endfacet
  facet normal -0.986527 0.129879 0.0994764
    outer loop
      vertex -0.0295367 0.00791433 0.04935
      vertex -0.0305786 3.7448e-18 0.04935
      vertex -0.0297493 3.64323e-18 0.057575
    endloop
  endfacet
  facet normal -0.986527 0.129879 0.0994764
    outer loop
      vertex -0.0295367 0.00791433 0.04935
      vertex -0.0297493 3.64323e-18 0.057575
      vertex -0.0287356 0.00769968 0.057575
    endloop
  endfacet
  facet normal -0.986527 -0.129879 0.0994764
    outer loop
      vertex -0.0305786 3.7448e-18 0.04935
      vertex -0.0295367 -0.00791433 0.04935
      vertex -0.0287356 -0.00769968 0.057575
    endloop
  endfacet
  facet normal -0.986527 -0.129879 0.0994764
    outer loop
      vertex -0.0305786 3.7448e-18 0.04935
      vertex -0.0287356 -0.00769968 0.057575
      vertex -0.0297493 3.64323e-18 0.057575
    endloop
  endfacet
  facet normal -0.919297 -0.380785 0.0994764
    outer loop
      vertex -0.0295367 -0.00791433 0.04935
      vertex -0.0264819 -0.0152893 0.04935
      vertex -0.0257636 -0.0148746 0.057575
    endloop
  endfacet
  facet normal -0.919297 -0.380785 0.0994764
    outer loop
      vertex -0.0295367 -0.00791433 0.04935
      vertex -0.0257636 -0.0148746 0.057575
      vertex -0.0287356 -0.00769968 0.057575
    endloop
  endfacet
  facet normal -0.789418 -0.605742 0.0994764
    outer loop
      vertex -0.0264819 -0.0152893 0.04935
      vertex -0.0216224 -0.0216224 0.04935
      vertex -0.0210359 -0.0210359 0.057575
    endloop
  endfacet
  facet normal -0.789418 -0.605742 0.0994764
    outer loop
      vertex -0.0264819 -0.0152893 0.04935
      vertex -0.0210359 -0.0210359 0.057575
      vertex -0.0257636 -0.0148746 0.057575
    endloop
  endfacet
  facet normal -0.605742 -0.789418 0.0994764
    outer loop
      vertex -0.0216224 -0.0216224 0.04935
      vertex -0.0152893 -0.0264819 0.04935
      vertex -0.0148746 -0.0257636 0.057575
    endloop
  endfacet
  facet normal -0.605742 -0.789418 0.0994764
    outer loop
      vertex -0.0216224 -0.0216224 0.04935
      vertex -0.0148746 -0.0257636 0.057575
      vertex -0.0210359 -0.0210359 0.057575
    endloop
  endfacet
  facet normal -0.380785 -0.919297 0.0994764
    outer loop
      vertex -0.0152893 -0.0264819 0.04935
      vertex -0.00791433 -0.0295367 0.04935
      vertex -0.00769968 -0.0287356 0.057575
    endloop
  endfacet
  facet normal -0.380785 -0.919297 0.0994764
    outer loop
      vertex -0.0152893 -0.0264819 0.04935
      vertex -0.00769968 -0.0287356 0.057575
      vertex -0.0148746 -0.0257636 0.057575
    endloop
  endfacet
  facet normal -0.129879 -0.986527 0.0994764
    outer loop
      vertex -0.00791433 -0.0295367 0.04935
      vertex -5.6172e-18 -0.0305786 0.04935
      vertex -5.46485e-18 -0.0297493 0.057575
    endloop
  endfacet
  facet normal -0.129879 -0.986527 0.0994764
    outer loop
      vertex -0.00791433 -0.0295367 0.04935
      vertex -5.46485e-18 -0.0297493 0.057575
      vertex -0.00769968 -0.0287356 0.057575
    endloop
  endfacet
  facet normal 0.129879 -0.986527 0.0994764
    outer loop
      vertex -5.6172e-18 -0.0305786 0.04935
      vertex 0.00791433 -0.0295367 0.04935
      vertex 0.00769968 -0.0287356 0.057575
    endloop
  endfacet
  facet normal 0.129879 -0.986527 0.0994764
    outer loop
      vertex -5.6172e-18 -0.0305786 0.04935
      vertex 0.00769968 -0.0287356 0.057575
      vertex -5.46485e-18 -0.0297493 0.057575
    endloop
  endfacet
  facet normal 0.380785 -0.919297 0.0994764
    outer loop
      vertex 0.00791433 -0.0295367 0.04935
      vertex 0.0152893 -0.0264819 0.04935
      vertex 0.0148746 -0.0257636 0.057575
    endloop
  endfacet
  facet normal 0.380785 -0.919297 0.0994764
    outer loop
      vertex 0.00791433 -0.0295367 0.04935
      vertex 0.0148746 -0.0257636 0.057575
      vertex 0.00769968 -0.0287356 0.057575
    endloop
  endfacet
  facet normal 0.605742 -0.789418 0.0994764
    outer loop
      vertex 0.0152893 -0.0264819 0.04935
      vertex 0.0216224 -0.0216224 0.04935
      vertex 0.0210359 -0.0210359 0.057575
    endloop
  endfacet
  facet normal 0.605742 -0.789418 0.0994764
    outer loop
      vertex 0.0152893 -0.0264819 0.04935
      vertex 0.0210359 -0.0210359 0.057575
      vertex 0.0148746 -0.0257636 0.057575
    endloop
  endfacet
  facet normal 0.789418 -0.605742 0.0994764
    outer loop
      vertex 0.0216224 -0.0216224 0.04935
      vertex 0.0264819 -0.0152893 0.04935
      vertex 0.0257636 -0.0148746 0.057575
    endloop
  endfacet
  facet normal 0.789418 -0.605742 0.0994764
    outer loop
      vertex 0.0216224 -0.0216224 0.04935
      vertex 0.0257636 -0.0148746 0.057575
      vertex 0.0210359 -0.0210359 0.057575
    endloop
  endfacet
  facet normal 0.919297 -0.380785 0.0994764
    outer loop
      vertex 0.0264819 -0.0152893 0.04935
      vertex 0.0295367 -0.00791433 0.04935
      vertex 0.0287356 -0.00769968 0.057575
    endloop
  endfacet
  facet normal 0.919297 -0.380785 0.0994764
    outer loop
      vertex 0.0264819 -0.0152893 0.04935
      vertex 0.0287356 -0.00769968 0.057575
      vertex 0.0257636 -0.0148746 0.057575
    endloop
  endfacet
  facet normal 0.986527 -0.129879 0.0994764
    outer loop
      vertex 0.0295367 -0.00791433 0.04935
      vertex 0.0305786 -7.48961e-18 0.04935
      vertex 0.0297493 -7.28647e-18 0.057575
    endloop
  endfacet
  facet normal 0.986527 -0.129879 0.0994764
    outer loop
      vertex 0.0295367 -0.00791433 0.04935
      vertex 0.0297493 -7.28647e-18 0.057575
      vertex 0.0287356 -0.00769968 0.057575
    endloop
  endfacet
  facet normal 0.994955 -0 0.100326
    outer loop
      vertex 0.0305786 -7.48961e-18 0.04935
      vertex 0.0305786 0 0.04935
      vertex 0.0297493 0 0.057575
    endloop
  endfacet
  facet normal 0.994955 0 0.100326
    outer loop
      vertex 0.0305786 -7.48961e-18 0.04935
      vertex 0.0297493 0 0.057575
      vertex 0.0297493 -7.28647e-18 0.057575
    endloop
  endfacet
  facet normal 0.98691 0.129929 -0.0955365
    outer loop
      vertex 0.0297493 0 0.057575
      vertex 0.0287356 0.00769968 0.057575
      vertex 0.0295047 0.00790575 0.0658
    endloop
  endfacet
  facet normal 0.98691 0.129929 -0.0955365
    outer loop
      vertex 0.0297493 0 0.057575
      vertex 0.0295047 0.00790575 0.0658
      vertex 0.0305455 0 0.0658
    endloop
  endfacet
  facet normal 0.919654 0.380933 -0.0955365
    outer loop
      vertex 0.0287356 0.00769968 0.057575
      vertex 0.0257636 0.0148746 0.057575
      vertex 0.0264532 0.0152727 0.0658
    endloop
  endfacet
  facet normal 0.919654 0.380933 -0.0955365
    outer loop
      vertex 0.0287356 0.00769968 0.057575
      vertex 0.0264532 0.0152727 0.0658
      vertex 0.0295047 0.00790575 0.0658
    endloop
  endfacet
  facet normal 0.789724 0.605977 -0.0955365
    outer loop
      vertex 0.0257636 0.0148746 0.057575
      vertex 0.0210359 0.0210359 0.057575
      vertex 0.0215989 0.0215989 0.0658
    endloop
  endfacet
  facet normal 0.789724 0.605977 -0.0955365
    outer loop
      vertex 0.0257636 0.0148746 0.057575
      vertex 0.0215989 0.0215989 0.0658
      vertex 0.0264532 0.0152727 0.0658
    endloop
  endfacet
  facet normal 0.605977 0.789724 -0.0955365
    outer loop
      vertex 0.0210359 0.0210359 0.057575
      vertex 0.0148746 0.0257636 0.057575
      vertex 0.0152727 0.0264532 0.0658
    endloop
  endfacet
  facet normal 0.605977 0.789724 -0.0955365
    outer loop
      vertex 0.0210359 0.0210359 0.057575
      vertex 0.0152727 0.0264532 0.0658
      vertex 0.0215989 0.0215989 0.0658
    endloop
  endfacet
  facet normal 0.380933 0.919654 -0.0955365
    outer loop
      vertex 0.0148746 0.0257636 0.057575
      vertex 0.00769968 0.0287356 0.057575
      vertex 0.00790575 0.0295047 0.0658
    endloop
  endfacet
  facet normal 0.380933 0.919654 -0.0955365
    outer loop
      vertex 0.0148746 0.0257636 0.057575
      vertex 0.00790575 0.0295047 0.0658
      vertex 0.0152727 0.0264532 0.0658
    endloop
  endfacet
  facet normal 0.129929 0.98691 -0.0955365
    outer loop
      vertex 0.00769968 0.0287356 0.057575
      vertex 1.82162e-18 0.0297493 0.057575
      vertex 1.87037e-18 0.0305455 0.0658
    endloop
  endfacet
  facet normal 0.129929 0.98691 -0.0955365
    outer loop
      vertex 0.00769968 0.0287356 0.057575
      vertex 1.87037e-18 0.0305455 0.0658
      vertex 0.00790575 0.0295047 0.0658
    endloop
  endfacet
  facet normal -0.129929 0.98691 -0.0955365
    outer loop
      vertex 1.82162e-18 0.0297493 0.057575
      vertex -0.00769968 0.0287356 0.057575
      vertex -0.00790575 0.0295047 0.0658
    endloop
  endfacet
  facet normal -0.129929 0.98691 -0.0955365
    outer loop
      vertex 1.82162e-18 0.0297493 0.057575
      vertex -0.00790575 0.0295047 0.0658
      vertex 1.87037e-18 0.0305455 0.0658
    endloop
  endfacet
  facet normal -0.380933 0.919654 -0.0955365
    outer loop
      vertex -0.00769968 0.0287356 0.057575
      vertex -0.0148746 0.0257636 0.057575
      vertex -0.0152727 0.0264532 0.0658
    endloop
  endfacet
  facet normal -0.380933 0.919654 -0.0955365
    outer loop
      vertex -0.00769968 0.0287356 0.057575
      vertex -0.0152727 0.0264532 0.0658
      vertex -0.00790575 0.0295047 0.0658
    endloop
  endfacet
  facet normal -0.605977 0.789724 -0.0955365
    outer loop
      vertex -0.0148746 0.0257636 0.057575
      vertex -0.0210359 0.0210359 0.057575
      vertex -0.0215989 0.0215989 0.0658
    endloop
  endfacet
  facet normal -0.605977 0.789724 -0.0955365
    outer loop
      vertex -0.0148746 0.0257636 0.057575
      vertex -0.0215989 0.0215989 0.0658
      vertex -0.0152727 0.0264532 0.0658
    endloop
  endfacet
  facet normal -0.789724 0.605977 -0.0955365
    outer loop
      vertex -0.0210359 0.0210359 0.057575
      vertex -0.0257636 0.0148746 0.057575
      vertex -0.0264532 0.0152727 0.0658
    endloop
  endfacet
  facet normal -0.789724 0.605977 -0.0955365
    outer loop
      vertex -0.0210359 0.0210359 0.057575
      vertex -0.0264532 0.0152727 0.0658
      vertex -0.0215989 0.0215989 0.0658
    endloop
  endfacet
  facet normal -0.919654 0.380933 -0.0955365
    outer loop
      vertex -0.0257636 0.0148746 0.057575
      vertex -0.0287356 0.00769968 0.057575
      vertex -0.0295047 0.00790575 0.0658
    endloop
  endfacet
  facet normal -0.919654 0.380933 -0.0955365
    outer loop
      vertex -0.0257636 0.0148746 0.057575
      vertex -0.0295047 0.00790575 0.0658
      vertex -0.0264532 0.0152727 0.0658
    endloop
  endfacet
  facet normal -0.98691 0.129929 -0.0955365
    outer loop
      vertex -0.0287356 0.00769968 0.057575
      vertex -0.0297493 3.64323e-18 0.057575
      vertex -0.0305455 3.74074e-18 0.0658
    endloop
  endfacet
  facet normal -0.98691 0.129929 -0.0955365
    outer loop
      vertex -0.0287356 0.00769968 0.057575
      vertex -0.0305455 3.74074e-18 0.0658
      vertex -0.0295047 0.00790575 0.0658
    endloop
  endfacet
  facet normal -0.98691 -0.129929 -0.0955365
    outer loop
      vertex -0.0297493 3.64323e-18 0.057575
      vertex -0.0287356 -0.00769968 0.057575
      vertex -0.0295047 -0.00790575 0.0658
    endloop
  endfacet
  facet normal -0.98691 -0.129929 -0.0955365
    outer loop
      vertex -0.0297493 3.64323e-18 0.057575
      vertex -0.0295047 -0.00790575 0.0658
      vertex -0.0305455 3.74074e-18 0.0658
    endloop
  endfacet
  facet normal -0.919654 -0.380933 -0.0955365
    outer loop
      vertex -0.0287356 -0.00769968 0.057575
      vertex -0.0257636 -0.0148746 0.057575
      vertex -0.0264532 -0.0152727 0.0658
    endloop
  endfacet
  facet normal -0.919654 -0.380933 -0.0955365
    outer loop
      vertex -0.0287356 -0.00769968 0.057575
      vertex -0.0264532 -0.0152727 0.0658
      vertex -0.0295047 -0.00790575 0.0658
    endloop
  endfacet
  facet normal -0.789724 -0.605977 -0.0955365
    outer loop
      vertex -0.0257636 -0.0148746 0.057575
      vertex -0.0210359 -0.0210359 0.057575
      vertex -0.0215989 -0.0215989 0.0658
    endloop
  endfacet
  facet normal -0.789724 -0.605977 -0.0955365
    outer loop
      vertex -0.0257636 -0.0148746 0.057575
      vertex -0.0215989 -0.0215989 0.0658
      vertex -0.0264532 -0.0152727 0.0658
    endloop
  endfacet
  facet normal -0.605977 -0.789724 -0.0955365
    outer loop
      vertex -0.0210359 -0.0210359 0.057575
      vertex -0.0148746 -0.0257636 0.057575
      vertex -0.0152727 -0.0264532 0.0658
    endloop
  endfacet
  facet normal -0.605977 -0.789724 -0.0955365
    outer loop
      vertex -0.0210359 -0.0210359 0.057575
      vertex -0.0152727 -0.0264532 0.0658
      vertex -0.0215989 -0.0215989 0.0658
    endloop
  endfacet
  facet normal -0.380933 -0.919654 -0.0955365
    outer loop
      vertex -0.0148746 -0.0257636 0.057575
      vertex -0.00769968 -0.0287356 0.057575
      vertex -0.00790575 -0.0295047 0.0658
    endloop
  endfacet
  facet normal -0.380933 -0.919654 -0.0955365
    outer loop
      vertex -0.0148746 -0.0257636 0.057575
      vertex -0.00790575 -0.0295047 0.0658
      vertex -0.0152727 -0.0264532 0.0658
    endloop
  endfacet
  facet normal -0.129929 -0.98691 -0.0955365
    outer loop
      vertex -0.00769968 -0.0287356 0.057575
      vertex -5.46485e-18 -0.0297493 0.057575
      vertex -5.61111e-18 -0.0305455 0.0658
    endloop
  endfacet
  facet normal -0.129929 -0.98691 -0.0955365
    outer loop
      vertex -0.00769968 -0.0287356 0.057575
      vertex -5.61111e-18 -0.0305455 0.0658
      vertex -0.00790575 -0.0295047 0.0658
    endloop
  endfacet
  facet normal 0.129929 -0.98691 -0.0955365
    outer loop
      vertex -5.46485e-18 -0.0297493 0.057575
      vertex 0.00769968 -0.0287356 0.057575
      vertex 0.00790575 -0.0295047 0.0658
    endloop
  endfacet
  facet normal 0.129929 -0.98691 -0.0955365
    outer loop
      vertex -5.46485e-18 -0.0297493 0.057575
      vertex 0.00790575 -0.0295047 0.0658
      vertex -5.61111e-18 -0.0305455 0.0658
    endloop
  endfacet
  facet normal 0.380933 -0.919654 -0.0955365
    outer loop
      vertex 0.00769968 -0.0287356 0.057575
      vertex 0.0148746 -0.0257636 0.057575
      vertex 0.0152727 -0.0264532 0.0658
    endloop
  endfacet
  facet normal 0.380933 -0.919654 -0.0955365
    outer loop
      vertex 0.00769968 -0.0287356 0.057575
      vertex 0.0152727 -0.0264532 0.0658
      vertex 0.00790575 -0.0295047 0.0658
    endloop
  endfacet
  facet normal 0.605977 -0.789724 -0.0955365
    outer loop
      vertex 0.0148746 -0.0257636 0.057575
      vertex 0.0210359 -0.0210359 0.057575
      vertex 0.0215989 -0.0215989 0.0658
    endloop
  endfacet
  facet normal 0.605977 -0.789724 -0.0955365
    outer loop
      vertex 0.0148746 -0.0257636 0.057575
      vertex 0.0215989 -0.0215989 0.0658
      vertex 0.0152727 -0.0264532 0.0658
    endloop
  endfacet
  facet normal 0.789724 -0.605977 -0.0955365
    outer loop
      vertex 0.0210359 -0.0210359 0.057575
      vertex 0.0257636 -0.0148746 0.057575
      vertex 0.0264532 -0.0152727 0.0658
    endloop
  endfacet
  facet normal 0.789724 -0.605977 -0.0955365
    outer loop
      vertex 0.0210359 -0.0210359 0.057575
      vertex 0.0264532 -0.0152727 0.0658
      vertex 0.0215989 -0.0215989 0.0658
    endloop
  endfacet
  facet normal 0.919654 -0.380933 -0.0955365
    outer loop
      vertex 0.0257636 -0.0148746 0.057575
      vertex 0.0287356 -0.00769968 0.057575
      vertex 0.0295047 -0.00790575 0.0658
    endloop
  endfacet
  facet normal 0.919654 -0.380933 -0.0955365
    outer loop
      vertex 0.0257636 -0.0148746 0.057575
      vertex 0.0295047 -0.00790575 0.0658
      vertex 0.0264532 -0.0152727 0.0658
    endloop
  endfacet
  facet normal 0.98691 -0.129929 -0.0955365
    outer loop
      vertex 0.0287356 -0.00769968 0.057575
      vertex 0.0297493 -7.28647e-18 0.057575
      vertex 0.0305455 -7.48148e-18 0.0658
    endloop
  endfacet
  facet normal 0.98691 -0.129929 -0.0955365
    outer loop
      vertex 0.0287356 -0.00769968 0.057575
      vertex 0.0305455 -7.48148e-18 0.0658
      vertex 0.0295047 -0.00790575 0.0658
    endloop
  endfacet
  facet normal 0.995347 0 -0.0963532
    outer loop
      vertex 0.0297493 -7.28647e-18 0.057575
      vertex 0.0297493 0 0.057575
      vertex 0.0305455 0 0.0658
    endloop
  endfacet
  facet normal 0.995347 0 -0.0963532
    outer loop
      vertex 0.0297493 -7.28647e-18 0.057575
      vertex 0.0305455 0 0.0658
      vertex 0.0305455 -7.48148e-18 0.0658
    endloop
  endfacet
  facet normal 0.98691 0.129929 -0.0955365
    outer loop
      vertex 0.0305455 0 0.0658
      vertex 0.0295047 0.00790575 0.0658
      vertex 0.0302737 0.00811183 0.074025
    endloop
  endfacet
  facet normal 0.98691 0.129929 -0.0955365
    outer loop
      vertex 0.0305455 0 0.0658
      vertex 0.0302737 0.00811183 0.074025
      vertex 0.0313417 0 0.074025
    endloop
  endfacet
  facet normal 0.919654 0.380933 -0.0955365
    outer loop
      vertex 0.0295047 0.00790575 0.0658
      vertex 0.0264532 0.0152727 0.0658
      vertex 0.0271427 0.0156708 0.074025
    endloop
  endfacet
  facet normal 0.919654 0.380933 -0.0955365
    outer loop
      vertex 0.0295047 0.00790575 0.0658
      vertex 0.0271427 0.0156708 0.074025
      vertex 0.0302737 0.00811183 0.074025
    endloop
  endfacet
  facet normal 0.789724 0.605977 -0.0955365
    outer loop
      vertex 0.0264532 0.0152727 0.0658
      vertex 0.0215989 0.0215989 0.0658
      vertex 0.0221619 0.0221619 0.074025
    endloop
  endfacet
  facet normal 0.789724 0.605977 -0.0955365
    outer loop
      vertex 0.0264532 0.0152727 0.0658
      vertex 0.0221619 0.0221619 0.074025
      vertex 0.0271427 0.0156708 0.074025
    endloop
  endfacet
  facet normal 0.605977 0.789724 -0.0955365
    outer loop
      vertex 0.0215989 0.0215989 0.0658
      vertex 0.0152727 0.0264532 0.0658
      vertex 0.0156708 0.0271427 0.074025
    endloop
  endfacet
  facet normal 0.605977 0.789724 -0.0955365
    outer loop
      vertex 0.0215989 0.0215989 0.0658
      vertex 0.0156708 0.0271427 0.074025
      vertex 0.0221619 0.0221619 0.074025
    endloop
  endfacet
  facet normal 0.380933 0.919654 -0.0955365
    outer loop
      vertex 0.0152727 0.0264532 0.0658
      vertex 0.00790575 0.0295047 0.0658
      vertex 0.00811183 0.0302737 0.074025
    endloop
  endfacet
  facet normal 0.380933 0.919654 -0.0955365
    outer loop
      vertex 0.0152727 0.0264532 0.0658
      vertex 0.00811183 0.0302737 0.074025
      vertex 0.0156708 0.0271427 0.074025
    endloop
  endfacet
  facet normal 0.129929 0.98691 -0.0955365
    outer loop
      vertex 0.00790575 0.0295047 0.0658
      vertex 1.87037e-18 0.0305455 0.0658
      vertex 1.91912e-18 0.0313417 0.074025
    endloop
  endfacet
  facet normal 0.129929 0.98691 -0.0955365
    outer loop
      vertex 0.00790575 0.0295047 0.0658
      vertex 1.91912e-18 0.0313417 0.074025
      vertex 0.00811183 0.0302737 0.074025
    endloop
  endfacet
  facet normal -0.129929 0.98691 -0.0955365
    outer loop
      vertex 1.87037e-18 0.0305455 0.0658
      vertex -0.00790575 0.0295047 0.0658
      vertex -0.00811183 0.0302737 0.074025
    endloop
  endfacet
  facet normal -0.129929 0.98691 -0.0955365
    outer loop
      vertex 1.87037e-18 0.0305455 0.0658
      vertex -0.00811183 0.0302737 0.074025
      vertex 1.91912e-18 0.0313417 0.074025
    endloop
  endfacet
  facet normal -0.380933 0.919654 -0.0955365
    outer loop
      vertex -0.00790575 0.0295047 0.0658
      vertex -0.0152727 0.0264532 0.0658
      vertex -0.0156708 0.0271427 0.074025
    endloop
  endfacet
  facet normal -0.380933 0.919654 -0.0955365
    outer loop
      vertex -0.00790575 0.0295047 0.0658
      vertex -0.0156708 0.0271427 0.074025
      vertex -0.00811183 0.0302737 0.074025
    endloop
  endfacet
  facet normal -0.605977 0.789724 -0.0955365
    outer loop
      vertex -0.0152727 0.0264532 0.0658
      vertex -0.0215989 0.0215989 0.0658
      vertex -0.0221619 0.0221619 0.074025
    endloop
  endfacet
  facet normal -0.605977 0.789724 -0.0955365
    outer loop
      vertex -0.0152727 0.0264532 0.0658
      vertex -0.0221619 0.0221619 0.074025
      vertex -0.0156708 0.0271427 0.074025
    endloop
  endfacet
  facet normal -0.789724 0.605977 -0.0955365
    outer loop
      vertex -0.0215989 0.0215989 0.0658
      vertex -0.0264532 0.0152727 0.0658
      vertex -0.0271427 0.0156708 0.074025
    endloop
  endfacet
  facet normal -0.789724 0.605977 -0.0955365
    outer loop
      vertex -0.0215989 0.0215989 0.0658
      vertex -0.0271427 0.0156708 0.074025
      vertex -0.0221619 0.0221619 0.074025
    endloop
  endfacet
  facet normal -0.919654 0.380933 -0.0955365
    outer loop
      vertex -0.0264532 0.0152727 0.0658
      vertex -0.0295047 0.00790575 0.0658
      vertex -0.0302737 0.00811183 0.074025
    endloop
  endfacet
  facet normal -0.919654 0.380933 -0.0955365
    outer loop
      vertex -0.0264532 0.0152727 0.0658
      vertex -0.0302737 0.00811183 0.074025
      vertex -0.0271427 0.0156708 0.074025
    endloop
  endfacet
  facet normal -0.98691 0.129929 -0.0955365
    outer loop
      vertex -0.0295047 0.00790575 0.0658
      vertex -0.0305455 3.74074e-18 0.0658
      vertex -0.0313417 3.83825e-18 0.074025
    endloop
  endfacet
  facet normal -0.98691 0.129929 -0.0955365
    outer loop
      vertex -0.0295047 0.00790575 0.0658
      vertex -0.0313417 3.83825e-18 0.074025
      vertex -0.0302737 0.00811183 0.074025
    endloop
  endfacet
  facet normal -0.98691 -0.129929 -0.0955365
    outer loop
      vertex -0.0305455 3.74074e-18 0.0658
      vertex -0.0295047 -0.00790575 0.0658
      vertex -0.0302737 -0.00811183 0.074025
    endloop
  endfacet
  facet normal -0.98691 -0.129929 -0.0955365
    outer loop
      vertex -0.0305455 3.74074e-18 0.0658
      vertex -0.0302737 -0.00811183 0.074025
      vertex -0.0313417 3.83825e-18 0.074025
    endloop
  endfacet
  facet normal -0.919654 -0.380933 -0.0955365
    outer loop
      vertex -0.0295047 -0.00790575 0.0658
      vertex -0.0264532 -0.0152727 0.0658
      vertex -0.0271427 -0.0156708 0.074025
    endloop
  endfacet
  facet normal -0.919654 -0.380933 -0.0955365
    outer loop
      vertex -0.0295047 -0.00790575 0.0658
      vertex -0.0271427 -0.0156708 0.074025
      vertex -0.0302737 -0.00811183 0.074025
    endloop
  endfacet
  facet normal -0.789724 -0.605977 -0.0955365
    outer loop
      vertex -0.0264532 -0.0152727 0.0658
      vertex -0.0215989 -0.0215989 0.0658
      vertex -0.0221619 -0.0221619 0.074025
    endloop
  endfacet
  facet normal -0.789724 -0.605977 -0.0955365
    outer loop
      vertex -0.0264532 -0.0152727 0.0658
      vertex -0.0221619 -0.0221619 0.074025
      vertex -0.0271427 -0.0156708 0.074025
    endloop
  endfacet
  facet normal -0.605977 -0.789724 -0.0955365
    outer loop
      vertex -0.0215989 -0.0215989 0.0658
      vertex -0.0152727 -0.0264532 0.0658
      vertex -0.0156708 -0.0271427 0.074025
    endloop
  endfacet
  facet normal -0.605977 -0.789724 -0.0955365
    outer loop
      vertex -0.0215989 -0.0215989 0.0658
      vertex -0.0156708 -0.0271427 0.074025
      vertex -0.0221619 -0.0221619 0.074025
    endloop
  endfacet
  facet normal -0.380933 -0.919654 -0.0955365
    outer loop
      vertex -0.0152727 -0.0264532 0.0658
      vertex -0.00790575 -0.0295047 0.0658
      vertex -0.00811183 -0.0302737 0.074025
    endloop
  endfacet
  facet normal -0.380933 -0.919654 -0.0955365
    outer loop
      vertex -0.0152727 -0.0264532 0.0658
      vertex -0.00811183 -0.0302737 0.074025
      vertex -0.0156708 -0.0271427 0.074025
    endloop
  endfacet
  facet normal -0.129929 -0.98691 -0.0955365
    outer loop
      vertex -0.00790575 -0.0295047 0.0658
      vertex -5.61111e-18 -0.0305455 0.0658
      vertex -5.75737e-18 -0.0313417 0.074025
    endloop
  endfacet
  facet normal -0.129929 -0.98691 -0.0955365
    outer loop
      vertex -0.00790575 -0.0295047 0.0658
      vertex -5.75737e-18 -0.0313417 0.074025
      vertex -0.00811183 -0.0302737 0.074025
    endloop
  endfacet
  facet normal 0.129929 -0.98691 -0.0955365
    outer loop
      vertex -5.61111e-18 -0.0305455 0.0658
      vertex 0.00790575 -0.0295047 0.0658
      vertex 0.00811183 -0.0302737 0.074025
    endloop
  endfacet
  facet normal 0.129929 -0.98691 -0.0955365
    outer loop
      vertex -5.61111e-18 -0.0305455 0.0658
      vertex 0.00811183 -0.0302737 0.074025
      vertex -5.75737e-18 -0.0313417 0.074025
    endloop
  endfacet
  facet normal 0.380933 -0.919654 -0.0955365
    outer loop
      vertex 0.00790575 -0.0295047 0.0658
      vertex 0.0152727 -0.0264532 0.0658
      vertex 0.0156708 -0.0271427 0.074025
    endloop
  endfacet
  facet normal 0.380933 -0.919654 -0.0955365
    outer loop
      vertex 0.00790575 -0.0295047 0.0658
      vertex 0.0156708 -0.0271427 0.074025
      vertex 0.00811183 -0.0302737 0.074025
    endloop
  endfacet
  facet normal 0.605977 -0.789724 -0.0955365
    outer loop
      vertex 0.0152727 -0.0264532 0.0658
      vertex 0.0215989 -0.0215989 0.0658
      vertex 0.0221619 -0.0221619 0.074025
    endloop
  endfacet
  facet normal 0.605977 -0.789724 -0.0955365
    outer loop
      vertex 0.0152727 -0.0264532 0.0658
      vertex 0.0221619 -0.0221619 0.074025
      vertex 0.0156708 -0.0271427 0.074025
    endloop
  endfacet
  facet normal 0.789724 -0.605977 -0.0955365
    outer loop
      vertex 0.0215989 -0.0215989 0.0658
      vertex 0.0264532 -0.0152727 0.0658
      vertex 0.0271427 -0.0156708 0.074025
    endloop
  endfacet
  facet normal 0.789724 -0.605977 -0.0955365
    outer loop
      vertex 0.0215989 -0.0215989 0.0658
      vertex 0.0271427 -0.0156708 0.074025
      vertex 0.0221619 -0.0221619 0.074025
    endloop
  endfacet
  facet normal 0.919654 -0.380933 -0.0955365
    outer loop
      vertex 0.0264532 -0.0152727 0.0658
      vertex 0.0295047 -0.00790575 0.0658
      vertex 0.0302737 -0.00811183 0.074025
    endloop
  endfacet
  facet normal 0.919654 -0.380933 -0.0955365
    outer loop
      vertex 0.0264532 -0.0152727 0.0658
      vertex 0.0302737 -0.00811183 0.074025
      vertex 0.0271427 -0.0156708 0.074025
    endloop
  endfacet
  facet normal 0.98691 -0.129929 -0.0955365
    outer loop
      vertex 0.0295047 -0.00790575 0.0658
      vertex 0.0305455 -7.48148e-18 0.0658
      vertex 0.0313417 -7.6765e-18 0.074025
    endloop
  endfacet
  facet normal 0.98691 -0.129929 -0.0955365
    outer loop
      vertex 0.0295047 -0.00790575 0.0658
      vertex 0.0313417 -7.6765e-18 0.074025
      vertex 0.0302737 -0.00811183 0.074025
    endloop
  endfacet
  facet normal 0.995347 0 -0.0963532
    outer loop
      vertex 0.0305455 -7.48148e-18 0.0658
      vertex 0.0305455 0 0.0658
      vertex 0.0313417 0 0.074025
    endloop
  endfacet
  facet normal 0.995347 0 -0.0963532
    outer loop
      vertex 0.0305455 -7.48148e-18 0.0658
      vertex 0.0313417 0 0.074025
      vertex 0.0313417 -7.6765e-18 0.074025
    endloop
  endfacet
  facet normal 0.98691 0.129929 -0.0955365
    outer loop
      vertex 0.0313417 0 0.074025
      vertex 0.0302737 0.00811183 0.074025
      vertex 0.0310428 0.0083179 0.08225
    endloop
  endfacet
  facet normal 0.98691 0.129929 -0.0955365
    outer loop
      vertex 0.0313417 0 0.074025
      vertex 0.0310428 0.0083179 0.08225
      vertex 0.0321379 0 0.08225
    endloop
  endfacet
  facet normal 0.919654 0.380933 -0.0955365
    outer loop
      vertex 0.0302737 0.00811183 0.074025
      vertex 0.0271427 0.0156708 0.074025
      vertex 0.0278322 0.0160689 0.08225
    endloop
  endfacet
  facet normal 0.919654 0.380933 -0.0955365
    outer loop
      vertex 0.0302737 0.00811183 0.074025
      vertex 0.0278322 0.0160689 0.08225
      vertex 0.0310428 0.0083179 0.08225
    endloop
  endfacet
  facet normal 0.789724 0.605977 -0.0955365
    outer loop
      vertex 0.0271427 0.0156708 0.074025
      vertex 0.0221619 0.0221619 0.074025
      vertex 0.0227249 0.0227249 0.08225
    endloop
  endfacet
  facet normal 0.789724 0.605977 -0.0955365
    outer loop
      vertex 0.0271427 0.0156708 0.074025
      vertex 0.0227249 0.0227249 0.08225
      vertex 0.0278322 0.0160689 0.08225
    endloop
  endfacet
  facet normal 0.605977 0.789724 -0.0955365
    outer loop
      vertex 0.0221619 0.0221619 0.074025
      vertex 0.0156708 0.0271427 0.074025
      vertex 0.0160689 0.0278322 0.08225
    endloop
  endfacet
  facet normal 0.605977 0.789724 -0.0955365
    outer loop
      vertex 0.0221619 0.0221619 0.074025
      vertex 0.0160689 0.0278322 0.08225
      vertex 0.0227249 0.0227249 0.08225
    endloop
  endfacet
  facet normal 0.380933 0.919654 -0.0955365
    outer loop
      vertex 0.0156708 0.0271427 0.074025
      vertex 0.00811183 0.0302737 0.074025
      vertex 0.0083179 0.0310428 0.08225
    endloop
  endfacet
  facet normal 0.380933 0.919654 -0.0955365
    outer loop
      vertex 0.0156708 0.0271427 0.074025
      vertex 0.0083179 0.0310428 0.08225
      vertex 0.0160689 0.0278322 0.08225
    endloop
  endfacet
  facet normal 0.129929 0.98691 -0.0955365
    outer loop
      vertex 0.00811183 0.0302737 0.074025
      vertex 1.91912e-18 0.0313417 0.074025
      vertex 1.96788e-18 0.0321379 0.08225
    endloop
  endfacet
  facet normal 0.129929 0.98691 -0.0955365
    outer loop
      vertex 0.00811183 0.0302737 0.074025
      vertex 1.96788e-18 0.0321379 0.08225
      vertex 0.0083179 0.0310428 0.08225
    endloop
  endfacet
  facet normal -0.129929 0.98691 -0.0955365
    outer loop
      vertex 1.91912e-18 0.0313417 0.074025
      vertex -0.00811183 0.0302737 0.074025
      vertex -0.0083179 0.0310428 0.08225
    endloop
  endfacet
  facet normal -0.129929 0.98691 -0.0955365
    outer loop
      vertex 1.91912e-18 0.0313417 0.074025
      vertex -0.0083179 0.0310428 0.08225
      vertex 1.96788e-18 0.0321379 0.08225
    endloop
  endfacet
  facet normal -0.380933 0.919654 -0.0955365
    outer loop
      vertex -0.00811183 0.0302737 0.074025
      vertex -0.0156708 0.0271427 0.074025
      vertex -0.0160689 0.0278322 0.08225
    endloop
  endfacet
  facet normal -0.380933 0.919654 -0.0955365
    outer loop
      vertex -0.00811183 0.0302737 0.074025
      vertex -0.0160689 0.0278322 0.08225
      vertex -0.0083179 0.0310428 0.08225
    endloop
  endfacet
  facet normal -0.605977 0.789724 -0.0955365
    outer loop
      vertex -0.0156708 0.0271427 0.074025
      vertex -0.0221619 0.0221619 0.074025
      vertex -0.0227249 0.0227249 0.08225
    endloop
  endfacet
  facet normal -0.605977 0.789724 -0.0955365
    outer loop
      vertex -0.0156708 0.0271427 0.074025
      vertex -0.0227249 0.0227249 0.08225
      vertex -0.0160689 0.0278322 0.08225
    endloop
  endfacet
  facet normal -0.789724 0.605977 -0.0955365
    outer loop
      vertex -0.0221619 0.0221619 0.074025
      vertex -0.0271427 0.0156708 0.074025
      vertex -0.0278322 0.0160689 0.08225
    endloop
  endfacet
  facet normal -0.789724 0.605977 -0.0955365
    outer loop
      vertex -0.0221619 0.0221619 0.074025
      vertex -0.0278322 0.0160689 0.08225
      vertex -0.0227249 0.0227249 0.08225
    endloop
  endfacet
  facet normal -0.919654 0.380933 -0.0955365
    outer loop
      vertex -0.0271427 0.0156708 0.074025
      vertex -0.0302737 0.00811183 0.074025
      vertex -0.0310428 0.0083179 0.08225
    endloop
  endfacet
  facet normal -0.919654 0.380933 -0.0955365
    outer loop
      vertex -0.0271427 0.0156708 0.074025
      vertex -0.0310428 0.0083179 0.08225
      vertex -0.0278322 0.0160689 0.08225
    endloop
  endfacet
  facet normal -0.98691 0.129929 -0.0955365
    outer loop
      vertex -0.0302737 0.00811183 0.074025
      vertex -0.0313417 3.83825e-18 0.074025
      vertex -0.0321379 3.93576e-18 0.08225
    endloop
  endfacet
  facet normal -0.98691 0.129929 -0.0955365
    outer loop
      vertex -0.0302737 0.00811183 0.074025
      vertex -0.0321379 3.93576e-18 0.08225
      vertex -0.0310428 0.0083179 0.08225
    endloop
  endfacet
  facet normal -0.98691 -0.129929 -0.0955365
    outer loop
      vertex -0.0313417 3.83825e-18 0.074025
      vertex -0.0302737 -0.00811183 0.074025
      vertex -0.0310428 -0.0083179 0.08225
    endloop
  endfacet
  facet normal -0.98691 -0.129929 -0.0955365
    outer loop
      vertex -0.0313417 3.83825e-18 0.074025
      vertex -0.0310428 -0.0083179 0.08225
      vertex -0.0321379 3.93576e-18 0.08225
    endloop
  endfacet
  facet normal -0.919654 -0.380933 -0.0955365
    outer loop
      vertex -0.0302737 -0.00811183 0.074025
      vertex -0.0271427 -0.0156708 0.074025
      vertex -0.0278322 -0.0160689 0.08225
    endloop
  endfacet
  facet normal -0.919654 -0.380933 -0.0955365
    outer loop
      vertex -0.0302737 -0.00811183 0.074025
      vertex -0.0278322 -0.0160689 0.08225
      vertex -0.0310428 -0.0083179 0.08225
    endloop
  endfacet
  facet normal -0.789724 -0.605977 -0.0955365
    outer loop
      vertex -0.0271427 -0.0156708 0.074025
      vertex -0.0221619 -0.0221619 0.074025
      vertex -0.0227249 -0.0227249 0.08225
    endloop
  endfacet
  facet normal -0.789724 -0.605977 -0.0955365
    outer loop
      vertex -0.0271427 -0.0156708 0.074025
      vertex -0.0227249 -0.0227249 0.08225
      vertex -0.0278322 -0.0160689 0.08225
    endloop
  endfacet
  facet normal -0.605977 -0.789724 -0.0955365
    outer loop
      vertex -0.0221619 -0.0221619 0.074025
      vertex -0.0156708 -0.0271427 0.074025
      vertex -0.0160689 -0.0278322 0.08225
    endloop
  endfacet
  facet normal -0.605977 -0.789724 -0.0955365
    outer loop
      vertex -0.0221619 -0.0221619 0.074025
      vertex -0.0160689 -0.0278322 0.08225
      vertex -0.0227249 -0.0227249 0.08225
    endloop
  endfacet
  facet normal -0.380933 -0.919654 -0.0955365
    outer loop
      vertex -0.0156708 -0.0271427 0.074025
      vertex -0.00811183 -0.0302737 0.074025
      vertex -0.0083179 -0.0310428 0.08225
    endloop
  endfacet
  facet normal -0.380933 -0.919654 -0.0955365
    outer loop
      vertex -0.0156708 -0.0271427 0.074025
      vertex -0.0083179 -0.0310428 0.08225
      vertex -0.0160689 -0.0278322 0.08225
    endloop
  endfacet
  facet normal -0.129929 -0.98691 -0.0955365
    outer loop
      vertex -0.00811183 -0.0302737 0.074025
      vertex -5.75737e-18 -0.0313417 0.074025
      vertex -5.90364e-18 -0.0321379 0.08225
    endloop
  endfacet
  facet normal -0.129929 -0.98691 -0.0955365
    outer loop
      vertex -0.00811183 -0.0302737 0.074025
      vertex -5.90364e-18 -0.0321379 0.08225
      vertex -0.0083179 -0.0310428 0.08225
    endloop
  endfacet
  facet normal 0.129929 -0.98691 -0.0955365
    outer loop
      vertex -5.75737e-18 -0.0313417 0.074025
      vertex 0.00811183 -0.0302737 0.074025
      vertex 0.0083179 -0.0310428 0.08225
    endloop
  endfacet
  facet normal 0.129929 -0.98691 -0.0955365
    outer loop
      vertex -5.75737e-18 -0.0313417 0.074025
      vertex 0.0083179 -0.0310428 0.08225
      vertex -5.90364e-18 -0.0321379 0.08225
    endloop
  endfacet
  facet normal 0.380933 -0.919654 -0.0955365
    outer loop
      vertex 0.00811183 -0.0302737 0.074025
      vertex 0.0156708 -0.0271427 0.074025
      vertex 0.0160689 -0.0278322 0.08225
    endloop
  endfacet
  facet normal 0.380933 -0.919654 -0.0955365
    outer loop
      vertex 0.00811183 -0.0302737 0.074025
      vertex 0.0160689 -0.0278322 0.08225
      vertex 0.0083179 -0.0310428 0.08225
    endloop
  endfacet
  facet normal 0.605977 -0.789724 -0.0955365
    outer loop
      vertex 0.0156708 -0.0271427 0.074025
      vertex 0.0221619 -0.0221619 0.074025
      vertex 0.0227249 -0.0227249 0.08225
    endloop
  endfacet
  facet normal 0.605977 -0.789724 -0.0955365
    outer loop
      vertex 0.0156708 -0.0271427 0.074025
      vertex 0.0227249 -0.0227249 0.08225
      vertex 0.0160689 -0.0278322 0.08225
    endloop
  endfacet
  facet normal 0.789724 -0.605977 -0.0955365
    outer loop
      vertex 0.0221619 -0.0221619 0.074025
      vertex 0.0271427 -0.0156708 0.074025
      vertex 0.0278322 -0.0160689 0.08225
    endloop
  endfacet
  facet normal 0.789724 -0.605977 -0.0955365
    outer loop
      vertex 0.0221619 -0.0221619 0.074025
      vertex 0.0278322 -0.0160689 0.08225
      vertex 0.0227249 -0.0227249 0.08225
    endloop
  endfacet
  facet normal 0.919654 -0.380933 -0.0955365
    outer loop
      vertex 0.0271427 -0.0156708 0.074025
      vertex 0.0302737 -0.00811183 0.074025
      vertex 0.0310428 -0.0083179 0.08225
    endloop
  endfacet
  facet normal 0.919654 -0.380933 -0.0955365
    outer loop
      vertex 0.0271427 -0.0156708 0.074025
      vertex 0.0310428 -0.0083179 0.08225
      vertex 0.0278322 -0.0160689 0.08225
    endloop
  endfacet
  facet normal 0.98691 -0.129929 -0.0955365
    outer loop
      vertex 0.0302737 -0.00811183 0.074025
      vertex 0.0313417 -7.6765e-18 0.074025
      vertex 0.0321379 -7.87152e-18 0.08225
    endloop
  endfacet
  facet normal 0.98691 -0.129929 -0.0955365
    outer loop
      vertex 0.0302737 -0.00811183 0.074025
      vertex 0.0321379 -7.87152e-18 0.08225
      vertex 0.0310428 -0.0083179 0.08225
    endloop
  endfacet
  facet normal 0.995347 0 -0.0963532
    outer loop
      vertex 0.0313417 -7.6765e-18 0.074025
      vertex 0.0313417 0 0.074025
      vertex 0.0321379 0 0.08225
    endloop
  endfacet
  facet normal 0.995347 0 -0.0963532
    outer loop
      vertex 0.0313417 -7.6765e-18 0.074025
      vertex 0.0321379 0 0.08225
      vertex 0.0321379 -7.87152e-18 0.08225
    endloop
  endfacet
  facet normal 0.98691 0.129929 -0.0955365
    outer loop
      vertex 0.0321379 0 0.08225
      vertex 0.0310428 0.0083179 0.08225
      vertex 0.0318119 0.00852397 0.090475
    endloop
  endfacet
  facet normal 0.98691 0.129929 -0.0955365
    outer loop
      vertex 0.0321379 0 0.08225
      vertex 0.0318119 0.00852397 0.090475
      vertex 0.0329341 0 0.090475
    endloop
  endfacet
  facet normal 0.919654 0.380933 -0.0955365
    outer loop
      vertex 0.0310428 0.0083179 0.08225
      vertex 0.0278322 0.0160689 0.08225
      vertex 0.0285218 0.0164671 0.090475
    endloop
  endfacet
  facet normal 0.919654 0.380933 -0.0955365
    outer loop
      vertex 0.0310428 0.0083179 0.08225
      vertex 0.0285218 0.0164671 0.090475
      vertex 0.0318119 0.00852397 0.090475
    endloop
  endfacet
  facet normal 0.789724 0.605977 -0.0955365
    outer loop
      vertex 0.0278322 0.0160689 0.08225
      vertex 0.0227249 0.0227249 0.08225
      vertex 0.0232879 0.0232879 0.090475
    endloop
  endfacet
  facet normal 0.789724 0.605977 -0.0955365
    outer loop
      vertex 0.0278322 0.0160689 0.08225
      vertex 0.0232879 0.0232879 0.090475
      vertex 0.0285218 0.0164671 0.090475
    endloop
  endfacet
  facet normal 0.605977 0.789724 -0.0955365
    outer loop
      vertex 0.0227249 0.0227249 0.08225
      vertex 0.0160689 0.0278322 0.08225
      vertex 0.0164671 0.0285218 0.090475
    endloop
  endfacet
  facet normal 0.605977 0.789724 -0.0955365
    outer loop
      vertex 0.0227249 0.0227249 0.08225
      vertex 0.0164671 0.0285218 0.090475
      vertex 0.0232879 0.0232879 0.090475
    endloop
  endfacet
  facet normal 0.380933 0.919654 -0.0955365
    outer loop
      vertex 0.0160689 0.0278322 0.08225
      vertex 0.0083179 0.0310428 0.08225
      vertex 0.00852397 0.0318119 0.090475
    endloop
  endfacet
  facet normal 0.380933 0.919654 -0.0955365
    outer loop
      vertex 0.0160689 0.0278322 0.08225
      vertex 0.00852397 0.0318119 0.090475
      vertex 0.0164671 0.0285218 0.090475
    endloop
  endfacet
  facet normal 0.129929 0.98691 -0.0955365
    outer loop
      vertex 0.0083179 0.0310428 0.08225
      vertex 1.96788e-18 0.0321379 0.08225
      vertex 2.01663e-18 0.0329341 0.090475
    endloop
  endfacet
  facet normal 0.129929 0.98691 -0.0955365
    outer loop
      vertex 0.0083179 0.0310428 0.08225
      vertex 2.01663e-18 0.0329341 0.090475
      vertex 0.00852397 0.0318119 0.090475
    endloop
  endfacet
  facet normal -0.129929 0.98691 -0.0955365
    outer loop
      vertex 1.96788e-18 0.0321379 0.08225
      vertex -0.0083179 0.0310428 0.08225
      vertex -0.00852397 0.0318119 0.090475
    endloop
  endfacet
  facet normal -0.129929 0.98691 -0.0955365
    outer loop
      vertex 1.96788e-18 0.0321379 0.08225
      vertex -0.00852397 0.0318119 0.090475
      vertex 2.01663e-18 0.0329341 0.090475
    endloop
  endfacet
  facet normal -0.380933 0.919654 -0.0955365
    outer loop
      vertex -0.0083179 0.0310428 0.08225
      vertex -0.0160689 0.0278322 0.08225
      vertex -0.0164671 0.0285218 0.090475
    endloop
  endfacet
  facet normal -0.380933 0.919654 -0.0955365
    outer loop
      vertex -0.0083179 0.0310428 0.08225
      vertex -0.0164671 0.0285218 0.090475
      vertex -0.00852397 0.0318119 0.090475
    endloop
  endfacet
  facet normal -0.605977 0.789724 -0.0955365
    outer loop
      vertex -0.0160689 0.0278322 0.08225
      vertex -0.0227249 0.0227249 0.08225
      vertex -0.0232879 0.0232879 0.090475
    endloop
  endfacet
  facet normal -0.605977 0.789724 -0.0955365
    outer loop
      vertex -0.0160689 0.0278322 0.08225
      vertex -0.0232879 0.0232879 0.090475
      vertex -0.0164671 0.0285218 0.090475
    endloop
  endfacet
  facet normal -0.789724 0.605977 -0.0955365
    outer loop
      vertex -0.0227249 0.0227249 0.08225
      vertex -0.0278322 0.0160689 0.08225
      vertex -0.0285218 0.0164671 0.090475
    endloop
  endfacet
  facet normal -0.789724 0.605977 -0.0955365
    outer loop
      vertex -0.0227249 0.0227249 0.08225
      vertex -0.0285218 0.0164671 0.090475
      vertex -0.0232879 0.0232879 0.090475
    endloop
  endfacet
  facet normal -0.919654 0.380933 -0.0955365
    outer loop
      vertex -0.0278322 0.0160689 0.08225
      vertex -0.0310428 0.0083179 0.08225
      vertex -0.0318119 0.00852397 0.090475
    endloop
  endfacet
  facet normal -0.919654 0.380933 -0.0955365
    outer loop
      vertex -0.0278322 0.0160689 0.08225
      vertex -0.0318119 0.00852397 0.090475
      vertex -0.0285218 0.0164671 0.090475
    endloop
  endfacet
  facet normal -0.98691 0.129929 -0.0955365
    outer loop
      vertex -0.0310428 0.0083179 0.08225
      vertex -0.0321379 3.93576e-18 0.08225
      vertex -0.0329341 4.03327e-18 0.090475
    endloop
  endfacet
  facet normal -0.98691 0.129929 -0.0955365
    outer loop
      vertex -0.0310428 0.0083179 0.08225
      vertex -0.0329341 4.03327e-18 0.090475
      vertex -0.0318119 0.00852397 0.090475
    endloop
  endfacet
  facet normal -0.98691 -0.129929 -0.0955365
    outer loop
      vertex -0.0321379 3.93576e-18 0.08225
      vertex -0.0310428 -0.0083179 0.08225
      vertex -0.0318119 -0.00852397 0.090475
    endloop
  endfacet
  facet normal -0.98691 -0.129929 -0.0955365
    outer loop
      vertex -0.0321379 3.93576e-18 0.08225
      vertex -0.0318119 -0.00852397 0.090475
      vertex -0.0329341 4.03327e-18 0.090475
    endloop
  endfacet
  facet normal -0.919654 -0.380933 -0.0955365
    outer loop
      vertex -0.0310428 -0.0083179 0.08225
      vertex -0.0278322 -0.0160689 0.08225
      vertex -0.0285218 -0.0164671 0.090475
    endloop
  endfacet
  facet normal -0.919654 -0.380933 -0.0955365
    outer loop
      vertex -0.0310428 -0.0083179 0.08225
      vertex -0.0285218 -0.0164671 0.090475
      vertex -0.0318119 -0.00852397 0.090475
    endloop
  endfacet
  facet normal -0.789724 -0.605977 -0.0955365
    outer loop
      vertex -0.0278322 -0.0160689 0.08225
      vertex -0.0227249 -0.0227249 0.08225
      vertex -0.0232879 -0.0232879 0.090475
    endloop
  endfacet
  facet normal -0.789724 -0.605977 -0.0955365
    outer loop
      vertex -0.0278322 -0.0160689 0.08225
      vertex -0.0232879 -0.0232879 0.090475
      vertex -0.0285218 -0.0164671 0.090475
    endloop
  endfacet
  facet normal -0.605977 -0.789724 -0.0955365
    outer loop
      vertex -0.0227249 -0.0227249 0.08225
      vertex -0.0160689 -0.0278322 0.08225
      vertex -0.0164671 -0.0285218 0.090475
    endloop
  endfacet
  facet normal -0.605977 -0.789724 -0.0955365
    outer loop
      vertex -0.0227249 -0.0227249 0.08225
      vertex -0.0164671 -0.0285218 0.090475
      vertex -0.0232879 -0.0232879 0.090475
    endloop
  endfacet
  facet normal -0.380933 -0.919654 -0.0955365
    outer loop
      vertex -0.0160689 -0.0278322 0.08225
      vertex -0.0083179 -0.0310428 0.08225
      vertex -0.00852397 -0.0318119 0.090475
    endloop
  endfacet
  facet normal -0.380933 -0.919654 -0.0955365
    outer loop
      vertex -0.0160689 -0.0278322 0.08225
      vertex -0.00852397 -0.0318119 0.090475
      vertex -0.0164671 -0.0285218 0.090475
    endloop
  endfacet
  facet normal -0.129929 -0.98691 -0.0955365
    outer loop
      vertex -0.0083179 -0.0310428 0.08225
      vertex -5.90364e-18 -0.0321379 0.08225
      vertex -6.0499e-18 -0.0329341 0.090475
    endloop
  endfacet
  facet normal -0.129929 -0.98691 -0.0955365
    outer loop
      vertex -0.0083179 -0.0310428 0.08225
      vertex -6.0499e-18 -0.0329341 0.090475
      vertex -0.00852397 -0.0318119 0.090475
    endloop
  endfacet
  facet normal 0.129929 -0.98691 -0.0955365
    outer loop
      vertex -5.90364e-18 -0.0321379 0.08225
      vertex 0.0083179 -0.0310428 0.08225
      vertex 0.00852397 -0.0318119 0.090475
    endloop
  endfacet
  facet normal 0.129929 -0.98691 -0.0955365
    outer loop
      vertex -5.90364e-18 -0.0321379 0.08225
      vertex 0.00852397 -0.0318119 0.090475
      vertex -6.0499e-18 -0.0329341 0.090475
    endloop
  endfacet
  facet normal 0.380933 -0.919654 -0.0955365
    outer loop
      vertex 0.0083179 -0.0310428 0.08225
      vertex 0.0160689 -0.0278322 0.08225
      vertex 0.0164671 -0.0285218 0.090475
    endloop
  endfacet
  facet normal 0.380933 -0.919654 -0.0955365
    outer loop
      vertex 0.0083179 -0.0310428 0.08225
      vertex 0.0164671 -0.0285218 0.090475
      vertex 0.00852397 -0.0318119 0.090475
    endloop
  endfacet
  facet normal 0.605977 -0.789724 -0.0955365
    outer loop
      vertex 0.0160689 -0.0278322 0.08225
      vertex 0.0227249 -0.0227249 0.08225
      vertex 0.0232879 -0.0232879 0.090475
    endloop
  endfacet
  facet normal 0.605977 -0.789724 -0.0955365
    outer loop
      vertex 0.0160689 -0.0278322 0.08225
      vertex 0.0232879 -0.0232879 0.090475
      vertex 0.0164671 -0.0285218 0.090475
    endloop
  endfacet
  facet normal 0.789724 -0.605977 -0.0955365
    outer loop
      vertex 0.0227249 -0.0227249 0.08225
      vertex 0.0278322 -0.0160689 0.08225
      vertex 0.0285218 -0.0164671 0.090475
    endloop
  endfacet
  facet normal 0.789724 -0.605977 -0.0955365
    outer loop
      vertex 0.0227249 -0.0227249 0.08225
      vertex 0.0285218 -0.0164671 0.090475
      vertex 0.0232879 -0.0232879 0.090475
    endloop
  endfacet
  facet normal 0.919654 -0.380933 -0.0955365
    outer loop
      vertex 0.0278322 -0.0160689 0.08225
      vertex 0.0310428 -0.0083179 0.08225
      vertex 0.0318119 -0.00852397 0.090475
    endloop
  endfacet
  facet normal 0.919654 -0.380933 -0.0955365
    outer loop
      vertex 0.0278322 -0.0160689 0.08225
      vertex 0.0318119 -0.00852397 0.090475
      vertex 0.0285218 -0.0164671 0.090475
    endloop
  endfacet
  facet normal 0.98691 -0.129929 -0.0955365
    outer loop
      vertex 0.0310428 -0.0083179 0.08225
      vertex 0.0321379 -7.87152e-18 0.08225
      vertex 0.0329341 -8.06653e-18 0.090475
    endloop
  endfacet
  facet normal 0.98691 -0.129929 -0.0955365
    outer loop
      vertex 0.0310428 -0.0083179 0.08225
      vertex 0.0329341 -8.06653e-18 0.090475
      vertex 0.0318119 -0.00852397 0.090475
    endloop
  endfacet
  facet normal 0.995347 0 -0.0963532
    outer loop
      vertex 0.0321379 -7.87152e-18 0.08225
      vertex 0.0321379 0 0.08225
      vertex 0.0329341 0 0.090475
    endloop
  endfacet
  facet normal 0.995347 0 -0.0963532
    outer loop
      vertex 0.0321379 -7.87152e-18 0.08225
      vertex 0.0329341 0 0.090475
      vertex 0.0329341 -8.06653e-18 0.090475
    endloop
  endfacet
  facet normal 0.98691 0.129929 -0.0955365
    outer loop
      vertex 0.0329341 0 0.090475
      vertex 0.0318119 0.00852397 0.090475
      vertex 0.032581 0.00873005 0.0987
    endloop
  endfacet
  facet normal 0.98691 0.129929 -0.0955365
    outer loop
      vertex 0.0329341 0 0.090475
      vertex 0.032581 0.00873005 0.0987
      vertex 0.0337303 0 0.0987
    endloop
  endfacet
  facet normal 0.919654 0.380933 -0.0955365
    outer loop
      vertex 0.0318119 0.00852397 0.090475
      vertex 0.0285218 0.0164671 0.090475
      vertex 0.0292113 0.0168652 0.0987
    endloop
  endfacet
  facet normal 0.919654 0.380933 -0.0955365
    outer loop
      vertex 0.0318119 0.00852397 0.090475
      vertex 0.0292113 0.0168652 0.0987
      vertex 0.032581 0.00873005 0.0987
    endloop
  endfacet
  facet normal 0.789724 0.605977 -0.0955365
    outer loop
      vertex 0.0285218 0.0164671 0.090475
      vertex 0.0232879 0.0232879 0.090475
      vertex 0.0238509 0.0238509 0.0987
    endloop
  endfacet
  facet normal 0.789724 0.605977 -0.0955365
    outer loop
      vertex 0.0285218 0.0164671 0.090475
      vertex 0.0238509 0.0238509 0.0987
      vertex 0.0292113 0.0168652 0.0987
    endloop
  endfacet
  facet normal 0.605977 0.789724 -0.0955365
    outer loop
      vertex 0.0232879 0.0232879 0.090475
      vertex 0.0164671 0.0285218 0.090475
      vertex 0.0168652 0.0292113 0.0987
    endloop
  endfacet
  facet normal 0.605977 0.789724 -0.0955365
    outer loop
      vertex 0.0232879 0.0232879 0.090475
      vertex 0.0168652 0.0292113 0.0987
      vertex 0.0238509 0.0238509 0.0987
    endloop
  endfacet
  facet normal 0.380933 0.919654 -0.0955365
    outer loop
      vertex 0.0164671 0.0285218 0.090475
      vertex 0.00852397 0.0318119 0.090475
      vertex 0.00873005 0.032581 0.0987
    endloop
  endfacet
  facet normal 0.380933 0.919654 -0.0955365
    outer loop
      vertex 0.0164671 0.0285218 0.090475
      vertex 0.00873005 0.032581 0.0987
      vertex 0.0168652 0.0292113 0.0987
    endloop
  endfacet
  facet normal 0.129929 0.98691 -0.0955365
    outer loop
      vertex 0.00852397 0.0318119 0.090475
      vertex 2.01663e-18 0.0329341 0.090475
      vertex 2.06539e-18 0.0337303 0.0987
    endloop
  endfacet
  facet normal 0.129929 0.98691 -0.0955365
    outer loop
      vertex 0.00852397 0.0318119 0.090475
      vertex 2.06539e-18 0.0337303 0.0987
      vertex 0.00873005 0.032581 0.0987
    endloop
  endfacet
  facet normal -0.129929 0.98691 -0.0955365
    outer loop
      vertex 2.01663e-18 0.0329341 0.090475
      vertex -0.00852397 0.0318119 0.090475
      vertex -0.00873005 0.032581 0.0987
    endloop
  endfacet
  facet normal -0.129929 0.98691 -0.0955365
    outer loop
      vertex 2.01663e-18 0.0329341 0.090475
      vertex -0.00873005 0.032581 0.0987
      vertex 2.06539e-18 0.0337303 0.0987
    endloop
  endfacet
  facet normal -0.380933 0.919654 -0.0955365
    outer loop
      vertex -0.00852397 0.0318119 0.090475
      vertex -0.0164671 0.0285218 0.090475
      vertex -0.0168652 0.0292113 0.0987
    endloop
  endfacet
  facet normal -0.380933 0.919654 -0.0955365
    outer loop
      vertex -0.00852397 0.0318119 0.090475
      vertex -0.0168652 0.0292113 0.0987
      vertex -0.00873005 0.032581 0.0987
    endloop
  endfacet
  facet normal -0.605977 0.789724 -0.0955365
    outer loop
      vertex -0.0164671 0.0285218 0.090475
      vertex -0.0232879 0.0232879 0.090475
      vertex -0.0238509 0.0238509 0.0987
    endloop
  endfacet
  facet normal -0.605977 0.789724 -0.0955365
    outer loop
      vertex -0.0164671 0.0285218 0.090475
      vertex -0.0238509 0.0238509 0.0987
      vertex -0.0168652 0.0292113 0.0987
    endloop
  endfacet
  facet normal -0.789724 0.605977 -0.0955365
    outer loop
      vertex -0.0232879 0.0232879 0.090475
      vertex -0.0285218 0.0164671 0.090475
      vertex -0.0292113 0.0168652 0.0987
    endloop
  endfacet
  facet normal -0.789724 0.605977 -0.0955365
    outer loop
      vertex -0.0232879 0.0232879 0.090475
      vertex -0.0292113 0.0168652 0.0987
      vertex -0.0238509 0.0238509 0.0987
    endloop
  endfacet
  facet normal -0.919654 0.380933 -0.0955365
    outer loop
      vertex -0.0285218 0.0164671 0.090475
      vertex -0.0318119 0.00852397 0.090475
      vertex -0.032581 0.00873005 0.0987
    endloop
  endfacet
  facet normal -0.919654 0.380933 -0.0955365
    outer loop
      vertex -0.0285218 0.0164671 0.090475
      vertex -0.032581 0.00873005 0.0987
      vertex -0.0292113 0.0168652 0.0987
    endloop
  endfacet
  facet normal -0.98691 0.129929 -0.0955365
    outer loop
      vertex -0.0318119 0.00852397 0.090475
      vertex -0.0329341 4.03327e-18 0.090475
      vertex -0.0337303 4.13077e-18 0.0987
    endloop
  endfacet
  facet normal -0.98691 0.129929 -0.0955365
    outer loop
      vertex -0.0318119 0.00852397 0.090475
      vertex -0.0337303 4.13077e-18 0.0987
      vertex -0.032581 0.00873005 0.0987
    endloop
  endfacet
  facet normal -0.98691 -0.129929 -0.0955365
    outer loop
      vertex -0.0329341 4.03327e-18 0.090475
      vertex -0.0318119 -0.00852397 0.090475
      vertex -0.032581 -0.00873005 0.0987
    endloop
  endfacet
  facet normal -0.98691 -0.129929 -0.0955365
    outer loop
      vertex -0.0329341 4.03327e-18 0.090475
      vertex -0.032581 -0.00873005 0.0987
      vertex -0.0337303 4.13077e-18 0.0987
    endloop
  endfacet
  facet normal -0.919654 -0.380933 -0.0955365
    outer loop
      vertex -0.0318119 -0.00852397 0.090475
      vertex -0.0285218 -0.0164671 0.090475
      vertex -0.0292113 -0.0168652 0.0987
    endloop
  endfacet
  facet normal -0.919654 -0.380933 -0.0955365
    outer loop
      vertex -0.0318119 -0.00852397 0.090475
      vertex -0.0292113 -0.0168652 0.0987
      vertex -0.032581 -0.00873005 0.0987
    endloop
  endfacet
  facet normal -0.789724 -0.605977 -0.0955365
    outer loop
      vertex -0.0285218 -0.0164671 0.090475
      vertex -0.0232879 -0.0232879 0.090475
      vertex -0.0238509 -0.0238509 0.0987
    endloop
  endfacet
  facet normal -0.789724 -0.605977 -0.0955365
    outer loop
      vertex -0.0285218 -0.0164671 0.090475
      vertex -0.0238509 -0.0238509 0.0987
      vertex -0.0292113 -0.0168652 0.0987
    endloop
  endfacet
  facet normal -0.605977 -0.789724 -0.0955365
    outer loop
      vertex -0.0232879 -0.0232879 0.090475
      vertex -0.0164671 -0.0285218 0.090475
      vertex -0.0168652 -0.0292113 0.0987
    endloop
  endfacet
  facet normal -0.605977 -0.789724 -0.0955365
    outer loop
      vertex -0.0232879 -0.0232879 0.090475
      vertex -0.0168652 -0.0292113 0.0987
      vertex -0.0238509 -0.0238509 0.0987
    endloop
  endfacet
  facet normal -0.380933 -0.919654 -0.0955365
    outer loop
      vertex -0.0164671 -0.0285218 0.090475
      vertex -0.00852397 -0.0318119 0.090475
      vertex -0.00873005 -0.032581 0.0987
    endloop
  endfacet
  facet normal -0.380933 -0.919654 -0.0955365
    outer loop
      vertex -0.0164671 -0.0285218 0.090475
      vertex -0.00873005 -0.032581 0.0987
      vertex -0.0168652 -0.0292113 0.0987
    endloop
  endfacet
  facet normal -0.129929 -0.98691 -0.0955365
    outer loop
      vertex -0.00852397 -0.0318119 0.090475
      vertex -6.0499e-18 -0.0329341 0.090475
      vertex -6.19616e-18 -0.0337303 0.0987
    endloop
  endfacet
  facet normal -0.129929 -0.98691 -0.0955365
    outer loop
      vertex -0.00852397 -0.0318119 0.090475
      vertex -6.19616e-18 -0.0337303 0.0987
      vertex -0.00873005 -0.032581 0.0987
    endloop
  endfacet
  facet normal 0.129929 -0.98691 -0.0955365
    outer loop
      vertex -6.0499e-18 -0.0329341 0.090475
      vertex 0.00852397 -0.0318119 0.090475
      vertex 0.00873005 -0.032581 0.0987
    endloop
  endfacet
  facet normal 0.129929 -0.98691 -0.0955365
    outer loop
      vertex -6.0499e-18 -0.0329341 0.090475
      vertex 0.00873005 -0.032581 0.0987
      vertex -6.19616e-18 -0.0337303 0.0987
    endloop
  endfacet
  facet normal 0.380933 -0.919654 -0.0955365
    outer loop
      vertex 0.00852397 -0.0318119 0.090475
      vertex 0.0164671 -0.0285218 0.090475
      vertex 0.0168652 -0.0292113 0.0987
    endloop
  endfacet
  facet normal 0.380933 -0.919654 -0.0955365
    outer loop
      vertex 0.00852397 -0.0318119 0.090475
      vertex 0.0168652 -0.0292113 0.0987
      vertex 0.00873005 -0.032581 0.0987
    endloop
  endfacet
  facet normal 0.605977 -0.789724 -0.0955365
    outer loop
      vertex 0.0164671 -0.0285218 0.090475
      vertex 0.0232879 -0.0232879 0.090475
      vertex 0.0238509 -0.0238509 0.0987
    endloop
  endfacet
  facet normal 0.605977 -0.789724 -0.0955365
    outer loop
      vertex 0.0164671 -0.0285218 0.090475
      vertex 0.0238509 -0.0238509 0.0987
      vertex 0.0168652 -0.0292113 0.0987
    endloop
  endfacet
  facet normal 0.789724 -0.605977 -0.0955365
    outer loop
      vertex 0.0232879 -0.0232879 0.090475
      vertex 0.0285218 -0.0164671 0.090475
      vertex 0.0292113 -0.0168652 0.0987
    endloop
  endfacet
  facet normal 0.789724 -0.605977 -0.0955365
    outer loop
      vertex 0.0232879 -0.0232879 0.090475
      vertex 0.0292113 -0.0168652 0.0987
      vertex 0.0238509 -0.0238509 0.0987
    endloop
  endfacet
  facet normal 0.919654 -0.380933 -0.0955365
    outer loop
      vertex 0.0285218 -0.0164671 0.090475
      vertex 0.0318119 -0.00852397 0.090475
      vertex 0.032581 -0.00873005 0.0987
    endloop
  endfacet
  facet normal 0.919654 -0.380933 -0.0955365
    outer loop
      vertex 0.0285218 -0.0164671 0.090475
      vertex 0.032581 -0.00873005 0.0987
      vertex 0.0292113 -0.0168652 0.0987
    endloop
  endfacet
  facet normal 0.98691 -0.129929 -0.0955365
    outer loop
      vertex 0.0318119 -0.00852397 0.090475
      vertex 0.0329341 -8.06653e-18 0.090475
      vertex 0.0337303 -8.26155e-18 0.0987
    endloop
  endfacet
  facet normal 0.98691 -0.129929 -0.0955365
    outer loop
      vertex 0.0318119 -0.00852397 0.090475
      vertex 0.0337303 -8.26155e-18 0.0987
      vertex 0.032581 -0.00873005 0.0987
    endloop
  endfacet
  facet normal 0.995347 0 -0.0963532
    outer loop
      vertex 0.0329341 -8.06653e-18 0.090475
      vertex 0.0329341 0 0.090475
      vertex 0.0337303 0 0.0987
    endloop
  endfacet
  facet normal 0.995347 0 -0.0963532
    outer loop
      vertex 0.0329341 -8.06653e-18 0.090475
      vertex 0.0337303 0 0.0987
      vertex 0.0337303 -8.26155e-18 0.0987
    endloop
  endfacet
  facet normal 0.98691 0.129929 -0.0955365
    outer loop
      vertex 0.0337303 0 0.0987
      vertex 0.032581 0.00873005 0.0987
      vertex 0.0333501 0.00893612 0.106925
    endloop
  endfacet
  facet normal 0.98691 0.129929 -0.0955365
    outer loop
      vertex 0.0337303 0 0.0987
      vertex 0.0333501 0.00893612 0.106925
      vertex 0.0345265 0 0.106925
    endloop
  endfacet
  facet normal 0.919654 0.380933 -0.0955365
    outer loop
      vertex 0.032581 0.00873005 0.0987
      vertex 0.0292113 0.0168652 0.0987
      vertex 0.0299009 0.0172633 0.106925
    endloop
  endfacet
  facet normal 0.919654 0.380933 -0.0955365
    outer loop
      vertex 0.032581 0.00873005 0.0987
      vertex 0.0299009 0.0172633 0.106925
      vertex 0.0333501 0.00893612 0.106925
    endloop
  endfacet
  facet normal 0.789724 0.605977 -0.0955365
    outer loop
      vertex 0.0292113 0.0168652 0.0987
      vertex 0.0238509 0.0238509 0.0987
      vertex 0.0244139 0.0244139 0.106925
    endloop
  endfacet
  facet normal 0.789724 0.605977 -0.0955365
    outer loop
      vertex 0.0292113 0.0168652 0.0987
      vertex 0.0244139 0.0244139 0.106925
      vertex 0.0299009 0.0172633 0.106925
    endloop
  endfacet
  facet normal 0.605977 0.789724 -0.0955365
    outer loop
      vertex 0.0238509 0.0238509 0.0987
      vertex 0.0168652 0.0292113 0.0987
      vertex 0.0172633 0.0299009 0.106925
    endloop
  endfacet
  facet normal 0.605977 0.789724 -0.0955365
    outer loop
      vertex 0.0238509 0.0238509 0.0987
      vertex 0.0172633 0.0299009 0.106925
      vertex 0.0244139 0.0244139 0.106925
    endloop
  endfacet
  facet normal 0.380933 0.919654 -0.0955365
    outer loop
      vertex 0.0168652 0.0292113 0.0987
      vertex 0.00873005 0.032581 0.0987
      vertex 0.00893612 0.0333501 0.106925
    endloop
  endfacet
  facet normal 0.380933 0.919654 -0.0955365
    outer loop
      vertex 0.0168652 0.0292113 0.0987
      vertex 0.00893612 0.0333501 0.106925
      vertex 0.0172633 0.0299009 0.106925
    endloop
  endfacet
  facet normal 0.129929 0.98691 -0.0955365
    outer loop
      vertex 0.00873005 0.032581 0.0987
      vertex 2.06539e-18 0.0337303 0.0987
      vertex 2.11414e-18 0.0345265 0.106925
    endloop
  endfacet
  facet normal 0.129929 0.98691 -0.0955365
    outer loop
      vertex 0.00873005 0.032581 0.0987
      vertex 2.11414e-18 0.0345265 0.106925
      vertex 0.00893612 0.0333501 0.106925
    endloop
  endfacet
  facet normal -0.129929 0.98691 -0.0955365
    outer loop
      vertex 2.06539e-18 0.0337303 0.0987
      vertex -0.00873005 0.032581 0.0987
      vertex -0.00893612 0.0333501 0.106925
    endloop
  endfacet
  facet normal -0.129929 0.98691 -0.0955365
    outer loop
      vertex 2.06539e-18 0.0337303 0.0987
      vertex -0.00893612 0.0333501 0.106925
      vertex 2.11414e-18 0.0345265 0.106925
    endloop
  endfacet
  facet normal -0.380933 0.919654 -0.0955365
    outer loop
      vertex -0.00873005 0.032581 0.0987
      vertex -0.0168652 0.0292113 0.0987
      vertex -0.0172633 0.0299009 0.106925
    endloop
  endfacet
  facet normal -0.380933 0.919654 -0.0955365
    outer loop
      vertex -0.00873005 0.032581 0.0987
      vertex -0.0172633 0.0299009 0.106925
      vertex -0.00893612 0.0333501 0.106925
    endloop
  endfacet
  facet normal -0.605977 0.789724 -0.0955365
    outer loop
      vertex -0.0168652 0.0292113 0.0987
      vertex -0.0238509 0.0238509 0.0987
      vertex -0.0244139 0.0244139 0.106925
    endloop
  endfacet
  facet normal -0.605977 0.789724 -0.0955365
    outer loop
      vertex -0.0168652 0.0292113 0.0987
      vertex -0.0244139 0.0244139 0.106925
      vertex -0.0172633 0.0299009 0.106925
    endloop
  endfacet
  facet normal -0.789724 0.605977 -0.0955365
    outer loop
      vertex -0.0238509 0.0238509 0.0987
      vertex -0.0292113 0.0168652 0.0987
      vertex -0.0299009 0.0172633 0.106925
    endloop
  endfacet
  facet normal -0.789724 0.605977 -0.0955365
    outer loop
      vertex -0.0238509 0.0238509 0.0987
      vertex -0.0299009 0.0172633 0.106925
      vertex -0.0244139 0.0244139 0.106925
    endloop
  endfacet
  facet normal -0.919654 0.380933 -0.0955365
    outer loop
      vertex -0.0292113 0.0168652 0.0987
      vertex -0.032581 0.00873005 0.0987
      vertex -0.0333501 0.00893612 0.106925
    endloop
  endfacet
  facet normal -0.919654 0.380933 -0.0955365
    outer loop
      vertex -0.0292113 0.0168652 0.0987
      vertex -0.0333501 0.00893612 0.106925
      vertex -0.0299009 0.0172633 0.106925
    endloop
  endfacet
  facet normal -0.98691 0.129929 -0.0955365
    outer loop
      vertex -0.032581 0.00873005 0.0987
      vertex -0.0337303 4.13077e-18 0.0987
      vertex -0.0345265 4.22828e-18 0.106925
    endloop
  endfacet
  facet normal -0.98691 0.129929 -0.0955365
    outer loop
      vertex -0.032581 0.00873005 0.0987
      vertex -0.0345265 4.22828e-18 0.106925
      vertex -0.0333501 0.00893612 0.106925
    endloop
  endfacet
  facet normal -0.98691 -0.129929 -0.0955365
    outer loop
      vertex -0.0337303 4.13077e-18 0.0987
      vertex -0.032581 -0.00873005 0.0987
      vertex -0.0333501 -0.00893612 0.106925
    endloop
  endfacet
  facet normal -0.98691 -0.129929 -0.0955365
    outer loop
      vertex -0.0337303 4.13077e-18 0.0987
      vertex -0.0333501 -0.00893612 0.106925
      vertex -0.0345265 4.22828e-18 0.106925
    endloop
  endfacet
  facet normal -0.919654 -0.380933 -0.0955365
    outer loop
      vertex -0.032581 -0.00873005 0.0987
      vertex -0.0292113 -0.0168652 0.0987
      vertex -0.0299009 -0.0172633 0.106925
    endloop
  endfacet
  facet normal -0.919654 -0.380933 -0.0955365
    outer loop
      vertex -0.032581 -0.00873005 0.0987
      vertex -0.0299009 -0.0172633 0.106925
      vertex -0.0333501 -0.00893612 0.106925
    endloop
  endfacet
  facet normal -0.789724 -0.605977 -0.0955365
    outer loop
      vertex -0.0292113 -0.0168652 0.0987
      vertex -0.0238509 -0.0238509 0.0987
      vertex -0.0244139 -0.0244139 0.106925
    endloop
  endfacet
  facet normal -0.789724 -0.605977 -0.0955365
    outer loop
      vertex -0.0292113 -0.0168652 0.0987
      vertex -0.0244139 -0.0244139 0.106925
      vertex -0.0299009 -0.0172633 0.106925
    endloop
  endfacet
  facet normal -0.605977 -0.789724 -0.0955365
    outer loop
      vertex -0.0238509 -0.0238509 0.0987
      vertex -0.0168652 -0.0292113 0.0987
      vertex -0.0172633 -0.0299009 0.106925
    endloop
  endfacet
  facet normal -0.605977 -0.789724 -0.0955365
    outer loop
      vertex -0.0238509 -0.0238509 0.0987
      vertex -0.0172633 -0.0299009 0.106925
      vertex -0.0244139 -0.0244139 0.106925
    endloop
  endfacet
  facet normal -0.380933 -0.919654 -0.0955365
    outer loop
      vertex -0.0168652 -0.0292113 0.0987
      vertex -0.00873005 -0.032581 0.0987
      vertex -0.00893612 -0.0333501 0.106925
    endloop
  endfacet
  facet normal -0.380933 -0.919654 -0.0955365
    outer loop
      vertex -0.0168652 -0.0292113 0.0987
      vertex -0.00893612 -0.0333501 0.106925
      vertex -0.0172633 -0.0299009 0.106925
    endloop
  endfacet
  facet normal -0.129929 -0.98691 -0.0955365
    outer loop
      vertex -0.00873005 -0.032581 0.0987
      vertex -6.19616e-18 -0.0337303 0.0987
      vertex -6.34242e-18 -0.0345265 0.106925
    endloop
  endfacet
  facet normal -0.129929 -0.98691 -0.0955365
    outer loop
      vertex -0.00873005 -0.032581 0.0987
      vertex -6.34242e-18 -0.0345265 0.106925
      vertex -0.00893612 -0.0333501 0.106925
    endloop
  endfacet
  facet normal 0.129929 -0.98691 -0.0955365
    outer loop
      vertex -6.19616e-18 -0.0337303 0.0987
      vertex 0.00873005 -0.032581 0.0987
      vertex 0.00893612 -0.0333501 0.106925
    endloop
  endfacet
  facet normal 0.129929 -0.98691 -0.0955365
    outer loop
      vertex -6.19616e-18 -0.0337303 0.0987
      vertex 0.00893612 -0.0333501 0.106925
      vertex -6.34242e-18 -0.0345265 0.106925
    endloop
  endfacet
  facet normal 0.380933 -0.919654 -0.0955365
    outer loop
      vertex 0.00873005 -0.032581 0.0987
      vertex 0.0168652 -0.0292113 0.0987
      vertex 0.0172633 -0.0299009 0.106925
    endloop
  endfacet
  facet normal 0.380933 -0.919654 -0.0955365
    outer loop
      vertex 0.00873005 -0.032581 0.0987
      vertex 0.0172633 -0.0299009 0.106925
      vertex 0.00893612 -0.0333501 0.106925
    endloop
  endfacet
  facet normal 0.605977 -0.789724 -0.0955365
    outer loop
      vertex 0.0168652 -0.0292113 0.0987
      vertex 0.0238509 -0.0238509 0.0987
      vertex 0.0244139 -0.0244139 0.106925
    endloop
  endfacet
  facet normal 0.605977 -0.789724 -0.0955365
    outer loop
      vertex 0.0168652 -0.0292113 0.0987
      vertex 0.0244139 -0.0244139 0.106925
      vertex 0.0172633 -0.0299009 0.106925
    endloop
  endfacet
  facet normal 0.789724 -0.605977 -0.0955365
    outer loop
      vertex 0.0238509 -0.0238509 0.0987
      vertex 0.0292113 -0.0168652 0.0987
      vertex 0.0299009 -0.0172633 0.106925
    endloop
  endfacet
  facet normal 0.789724 -0.605977 -0.0955365
    outer loop
      vertex 0.0238509 -0.0238509 0.0987
      vertex 0.0299009 -0.0172633 0.106925
      vertex 0.0244139 -0.0244139 0.106925
    endloop
  endfacet
  facet normal 0.919654 -0.380933 -0.0955365
    outer loop
      vertex 0.0292113 -0.0168652 0.0987
      vertex 0.032581 -0.00873005 0.0987
      vertex 0.0333501 -0.00893612 0.106925
    endloop
  endfacet
  facet normal 0.919654 -0.380933 -0.0955365
    outer loop
      vertex 0.0292113 -0.0168652 0.0987
      vertex 0.0333501 -0.00893612 0.106925
      vertex 0.0299009 -0.0172633 0.106925
    endloop
  endfacet
  facet normal 0.98691 -0.129929 -0.0955365
    outer loop
      vertex 0.032581 -0.00873005 0.0987
      vertex 0.0337303 -8.26155e-18 0.0987
      vertex 0.0345265 -8.45656e-18 0.106925
    endloop
  endfacet
  facet normal 0.98691 -0.129929 -0.0955365
    outer loop
      vertex 0.032581 -0.00873005 0.0987
      vertex 0.0345265 -8.45656e-18 0.106925
      vertex 0.0333501 -0.00893612 0.106925
    endloop
  endfacet
  facet normal 0.995347 0 -0.0963532
    outer loop
      vertex 0.0337303 -8.26155e-18 0.0987
      vertex 0.0337303 0 0.0987
      vertex 0.0345265 0 0.106925
    endloop
  endfacet
  facet normal 0.995347 0 -0.0963532
    outer loop
      vertex 0.0337303 -8.26155e-18 0.0987
      vertex 0.0345265 0 0.106925
      vertex 0.0345265 -8.45656e-18 0.106925
    endloop
  endfacet
  facet normal 0.98691 0.129929 -0.0955365
    outer loop
      vertex 0.0345265 0 0.106925
      vertex 0.0333501 0.00893612 0.106925
      vertex 0.0341191 0.0091422 0.11515
    endloop
  endfacet
  facet normal 0.98691 0.129929 -0.0955365
    outer loop
      vertex 0.0345265 0 0.106925
      vertex 0.0341191 0.0091422 0.11515
      vertex 0.0353227 0 0.11515
    endloop
  endfacet
  facet normal 0.919654 0.380933 -0.0955365
    outer loop
      vertex 0.0333501 0.00893612 0.106925
      vertex 0.0299009 0.0172633 0.106925
      vertex 0.0305904 0.0176614 0.11515
    endloop
  endfacet
  facet normal 0.919654 0.380933 -0.0955365
    outer loop
      vertex 0.0333501 0.00893612 0.106925
      vertex 0.0305904 0.0176614 0.11515
      vertex 0.0341191 0.0091422 0.11515
    endloop
  endfacet
  facet normal 0.789724 0.605977 -0.0955365
    outer loop
      vertex 0.0299009 0.0172633 0.106925
      vertex 0.0244139 0.0244139 0.106925
      vertex 0.0249769 0.0249769 0.11515
    endloop
  endfacet
  facet normal 0.789724 0.605977 -0.0955365
    outer loop
      vertex 0.0299009 0.0172633 0.106925
      vertex 0.0249769 0.0249769 0.11515
      vertex 0.0305904 0.0176614 0.11515
    endloop
  endfacet
  facet normal 0.605977 0.789724 -0.0955365
    outer loop
      vertex 0.0244139 0.0244139 0.106925
      vertex 0.0172633 0.0299009 0.106925
      vertex 0.0176614 0.0305904 0.11515
    endloop
  endfacet
  facet normal 0.605977 0.789724 -0.0955365
    outer loop
      vertex 0.0244139 0.0244139 0.106925
      vertex 0.0176614 0.0305904 0.11515
      vertex 0.0249769 0.0249769 0.11515
    endloop
  endfacet
  facet normal 0.380933 0.919654 -0.0955365
    outer loop
      vertex 0.0172633 0.0299009 0.106925
      vertex 0.00893612 0.0333501 0.106925
      vertex 0.0091422 0.0341191 0.11515
    endloop
  endfacet
  facet normal 0.380933 0.919654 -0.0955365
    outer loop
      vertex 0.0172633 0.0299009 0.106925
      vertex 0.0091422 0.0341191 0.11515
      vertex 0.0176614 0.0305904 0.11515
    endloop
  endfacet
  facet normal 0.129929 0.98691 -0.0955365
    outer loop
      vertex 0.00893612 0.0333501 0.106925
      vertex 2.11414e-18 0.0345265 0.106925
      vertex 2.16289e-18 0.0353227 0.11515
    endloop
  endfacet
  facet normal 0.129929 0.98691 -0.0955365
    outer loop
      vertex 0.00893612 0.0333501 0.106925
      vertex 2.16289e-18 0.0353227 0.11515
      vertex 0.0091422 0.0341191 0.11515
    endloop
  endfacet
  facet normal -0.129929 0.98691 -0.0955365
    outer loop
      vertex 2.11414e-18 0.0345265 0.106925
      vertex -0.00893612 0.0333501 0.106925
      vertex -0.0091422 0.0341191 0.11515
    endloop
  endfacet
  facet normal -0.129929 0.98691 -0.0955365
    outer loop
      vertex 2.11414e-18 0.0345265 0.106925
      vertex -0.0091422 0.0341191 0.11515
      vertex 2.16289e-18 0.0353227 0.11515
    endloop
  endfacet
  facet normal -0.380933 0.919654 -0.0955365
    outer loop
      vertex -0.00893612 0.0333501 0.106925
      vertex -0.0172633 0.0299009 0.106925
      vertex -0.0176614 0.0305904 0.11515
    endloop
  endfacet
  facet normal -0.380933 0.919654 -0.0955365
    outer loop
      vertex -0.00893612 0.0333501 0.106925
      vertex -0.0176614 0.0305904 0.11515
      vertex -0.0091422 0.0341191 0.11515
    endloop
  endfacet
  facet normal -0.605977 0.789724 -0.0955365
    outer loop
      vertex -0.0172633 0.0299009 0.106925
      vertex -0.0244139 0.0244139 0.106925
      vertex -0.0249769 0.0249769 0.11515
    endloop
  endfacet
  facet normal -0.605977 0.789724 -0.0955365
    outer loop
      vertex -0.0172633 0.0299009 0.106925
      vertex -0.0249769 0.0249769 0.11515
      vertex -0.0176614 0.0305904 0.11515
    endloop
  endfacet
  facet normal -0.789724 0.605977 -0.0955365
    outer loop
      vertex -0.0244139 0.0244139 0.106925
      vertex -0.0299009 0.0172633 0.106925
      vertex -0.0305904 0.0176614 0.11515
    endloop
  endfacet
  facet normal -0.789724 0.605977 -0.0955365
    outer loop
      vertex -0.0244139 0.0244139 0.106925
      vertex -0.0305904 0.0176614 0.11515
      vertex -0.0249769 0.0249769 0.11515
    endloop
  endfacet
  facet normal -0.919654 0.380933 -0.0955365
    outer loop
      vertex -0.0299009 0.0172633 0.106925
      vertex -0.0333501 0.00893612 0.106925
      vertex -0.0341191 0.0091422 0.11515
    endloop
  endfacet
  facet normal -0.919654 0.380933 -0.0955365
    outer loop
      vertex -0.0299009 0.0172633 0.106925
      vertex -0.0341191 0.0091422 0.11515
      vertex -0.0305904 0.0176614 0.11515
    endloop
  endfacet
  facet normal -0.98691 0.129929 -0.0955365
    outer loop
      vertex -0.0333501 0.00893612 0.106925
      vertex -0.0345265 4.22828e-18 0.106925
      vertex -0.0353227 4.32579e-18 0.11515
    endloop
  endfacet
  facet normal -0.98691 0.129929 -0.0955365
    outer loop
      vertex -0.0333501 0.00893612 0.106925
      vertex -0.0353227 4.32579e-18 0.11515
      vertex -0.0341191 0.0091422 0.11515
    endloop
  endfacet
  facet normal -0.98691 -0.129929 -0.0955365
    outer loop
      vertex -0.0345265 4.22828e-18 0.106925
      vertex -0.0333501 -0.00893612 0.106925
      vertex -0.0341191 -0.0091422 0.11515
    endloop
  endfacet
  facet normal -0.98691 -0.129929 -0.0955365
    outer loop
      vertex -0.0345265 4.22828e-18 0.106925
      vertex -0.0341191 -0.0091422 0.11515
      vertex -0.0353227 4.32579e-18 0.11515
    endloop
  endfacet
  facet normal -0.919654 -0.380933 -0.0955365
    outer loop
      vertex -0.0333501 -0.00893612 0.106925
      vertex -0.0299009 -0.0172633 0.106925
      vertex -0.0305904 -0.0176614 0.11515
    endloop
  endfacet
  facet normal -0.919654 -0.380933 -0.0955365
    outer loop
      vertex -0.0333501 -0.00893612 0.106925
      vertex -0.0305904 -0.0176614 0.11515
      vertex -0.0341191 -0.0091422 0.11515
    endloop
  endfacet
  facet normal -0.789724 -0.605977 -0.0955365
    outer loop
      vertex -0.0299009 -0.0172633 0.106925
      vertex -0.0244139 -0.0244139 0.106925
      vertex -0.0249769 -0.0249769 0.11515
    endloop
  endfacet
  facet normal -0.789724 -0.605977 -0.0955365
    outer loop
      vertex -0.0299009 -0.0172633 0.106925
      vertex -0.0249769 -0.0249769 0.11515
      vertex -0.0305904 -0.0176614 0.11515
    endloop
  endfacet
  facet normal -0.605977 -0.789724 -0.0955365
    outer loop
      vertex -0.0244139 -0.0244139 0.106925
      vertex -0.0172633 -0.0299009 0.106925
      vertex -0.0176614 -0.0305904 0.11515
    endloop
  endfacet
  facet normal -0.605977 -0.789724 -0.0955365
    outer loop
      vertex -0.0244139 -0.0244139 0.106925
      vertex -0.0176614 -0.0305904 0.11515
      vertex -0.0249769 -0.0249769 0.11515
    endloop
  endfacet
  facet normal -0.380933 -0.919654 -0.0955365
    outer loop
      vertex -0.0172633 -0.0299009 0.106925
      vertex -0.00893612 -0.0333501 0.106925
      vertex -0.0091422 -0.0341191 0.11515
    endloop
  endfacet
  facet normal -0.380933 -0.919654 -0.0955365
    outer loop
      vertex -0.0172633 -0.0299009 0.106925
      vertex -0.0091422 -0.0341191 0.11515
      vertex -0.0176614 -0.0305904 0.11515
    endloop
  endfacet
  facet normal -0.129929 -0.98691 -0.0955365
    outer loop
      vertex -0.00893612 -0.0333501 0.106925
      vertex -6.34242e-18 -0.0345265 0.106925
      vertex -6.48868e-18 -0.0353227 0.11515
    endloop
  endfacet
  facet normal -0.129929 -0.98691 -0.0955365
    outer loop
      vertex -0.00893612 -0.0333501 0.106925
      vertex -6.48868e-18 -0.0353227 0.11515
      vertex -0.0091422 -0.0341191 0.11515
    endloop
  endfacet
  facet normal 0.129929 -0.98691 -0.0955365
    outer loop
      vertex -6.34242e-18 -0.0345265 0.106925
      vertex 0.00893612 -0.0333501 0.106925
      vertex 0.0091422 -0.0341191 0.11515
    endloop
  endfacet
  facet normal 0.129929 -0.98691 -0.0955365
    outer loop
      vertex -6.34242e-18 -0.0345265 0.106925
      vertex 0.0091422 -0.0341191 0.11515
      vertex -6.48868e-18 -0.0353227 0.11515
    endloop
  endfacet
  facet normal 0.380933 -0.919654 -0.0955365
    outer loop
      vertex 0.00893612 -0.0333501 0.106925
      vertex 0.0172633 -0.0299009 0.106925
      vertex 0.0176614 -0.0305904 0.11515
    endloop
  endfacet
  facet normal 0.380933 -0.919654 -0.0955365
    outer loop
      vertex 0.00893612 -0.0333501 0.106925
      vertex 0.0176614 -0.0305904 0.11515
      vertex 0.0091422 -0.0341191 0.11515
    endloop
  endfacet
  facet normal 0.605977 -0.789724 -0.0955365
    outer loop
      vertex 0.0172633 -0.0299009 0.106925
      vertex 0.0244139 -0.0244139 0.106925
      vertex 0.0249769 -0.0249769 0.11515
    endloop
  endfacet
  facet normal 0.605977 -0.789724 -0.0955365
    outer loop
      vertex 0.0172633 -0.0299009 0.106925
      vertex 0.0249769 -0.0249769 0.11515
      vertex 0.0176614 -0.0305904 0.11515
    endloop
  endfacet
  facet normal 0.789724 -0.605977 -0.0955365
    outer loop
      vertex 0.0244139 -0.0244139 0.106925
      vertex 0.0299009 -0.0172633 0.106925
      vertex 0.0305904 -0.0176614 0.11515
    endloop
  endfacet
  facet normal 0.789724 -0.605977 -0.0955365
    outer loop
      vertex 0.0244139 -0.0244139 0.106925
      vertex 0.0305904 -0.0176614 0.11515
      vertex 0.0249769 -0.0249769 0.11515
    endloop
  endfacet
  facet normal 0.919654 -0.380933 -0.0955365
    outer loop
      vertex 0.0299009 -0.0172633 0.106925
      vertex 0.0333501 -0.00893612 0.106925
      vertex 0.0341191 -0.0091422 0.11515
    endloop
  endfacet
  facet normal 0.919654 -0.380933 -0.0955365
    outer loop
      vertex 0.0299009 -0.0172633 0.106925
      vertex 0.0341191 -0.0091422 0.11515
      vertex 0.0305904 -0.0176614 0.11515
    endloop
  endfacet
  facet normal 0.98691 -0.129929 -0.0955365
    outer loop
      vertex 0.0333501 -0.00893612 0.106925
      vertex 0.0345265 -8.45656e-18 0.106925
      vertex 0.0353227 -8.65158e-18 0.11515
    endloop
  endfacet
  facet normal 0.98691 -0.129929 -0.0955365
    outer loop
      vertex 0.0333501 -0.00893612 0.106925
      vertex 0.0353227 -8.65158e-18 0.11515
      vertex 0.0341191 -0.0091422 0.11515
    endloop
  endfacet
  facet normal 0.995347 0 -0.0963532
    outer loop
      vertex 0.0345265 -8.45656e-18 0.106925
      vertex 0.0345265 0 0.106925
      vertex 0.0353227 0 0.11515
    endloop
  endfacet
  facet normal 0.995347 0 -0.0963532
    outer loop
      vertex 0.0345265 -8.45656e-18 0.106925
      vertex 0.0353227 0 0.11515
      vertex 0.0353227 -8.65158e-18 0.11515
    endloop
  endfacet
  facet normal 0.98691 0.129929 -0.0955365
    outer loop
      vertex 0.0353227 0 0.11515
      vertex 0.0341191 0.0091422 0.11515
      vertex 0.0348882 0.00934827 0.123375
    endloop
  endfacet
  facet normal 0.98691 0.129929 -0.0955365
    outer loop
      vertex 0.0353227 0 0.11515
      vertex 0.0348882 0.00934827 0.123375
      vertex 0.0361189 0 0.123375
    endloop
  endfacet
  facet normal 0.919654 0.380933 -0.0955365
    outer loop
      vertex 0.0341191 0.0091422 0.11515
      vertex 0.0305904 0.0176614 0.11515
      vertex 0.0312799 0.0180595 0.123375
    endloop
  endfacet
  facet normal 0.919654 0.380933 -0.0955365
    outer loop
      vertex 0.0341191 0.0091422 0.11515
      vertex 0.0312799 0.0180595 0.123375
      vertex 0.0348882 0.00934827 0.123375
    endloop
  endfacet
  facet normal 0.789724 0.605977 -0.0955365
    outer loop
      vertex 0.0305904 0.0176614 0.11515
      vertex 0.0249769 0.0249769 0.11515
      vertex 0.02554 0.02554 0.123375
    endloop
  endfacet
  facet normal 0.789724 0.605977 -0.0955365
    outer loop
      vertex 0.0305904 0.0176614 0.11515
      vertex 0.02554 0.02554 0.123375
      vertex 0.0312799 0.0180595 0.123375
    endloop
  endfacet
  facet normal 0.605977 0.789724 -0.0955365
    outer loop
      vertex 0.0249769 0.0249769 0.11515
      vertex 0.0176614 0.0305904 0.11515
      vertex 0.0180595 0.0312799 0.123375
    endloop
  endfacet
  facet normal 0.605977 0.789724 -0.0955365
    outer loop
      vertex 0.0249769 0.0249769 0.11515
      vertex 0.0180595 0.0312799 0.123375
      vertex 0.02554 0.02554 0.123375
    endloop
  endfacet
  facet normal 0.380933 0.919654 -0.0955365
    outer loop
      vertex 0.0176614 0.0305904 0.11515
      vertex 0.0091422 0.0341191 0.11515
      vertex 0.00934827 0.0348882 0.123375
    endloop
  endfacet
  facet normal 0.380933 0.919654 -0.0955365
    outer loop
      vertex 0.0176614 0.0305904 0.11515
      vertex 0.00934827 0.0348882 0.123375
      vertex 0.0180595 0.0312799 0.123375
    endloop
  endfacet
  facet normal 0.129929 0.98691 -0.0955365
    outer loop
      vertex 0.0091422 0.0341191 0.11515
      vertex 2.16289e-18 0.0353227 0.11515
      vertex 2.21165e-18 0.0361189 0.123375
    endloop
  endfacet
  facet normal 0.129929 0.98691 -0.0955365
    outer loop
      vertex 0.0091422 0.0341191 0.11515
      vertex 2.21165e-18 0.0361189 0.123375
      vertex 0.00934827 0.0348882 0.123375
    endloop
  endfacet
  facet normal -0.129929 0.98691 -0.0955365
    outer loop
      vertex 2.16289e-18 0.0353227 0.11515
      vertex -0.0091422 0.0341191 0.11515
      vertex -0.00934827 0.0348882 0.123375
    endloop
  endfacet
  facet normal -0.129929 0.98691 -0.0955365
    outer loop
      vertex 2.16289e-18 0.0353227 0.11515
      vertex -0.00934827 0.0348882 0.123375
      vertex 2.21165e-18 0.0361189 0.123375
    endloop
  endfacet
  facet normal -0.380933 0.919654 -0.0955365
    outer loop
      vertex -0.0091422 0.0341191 0.11515
      vertex -0.0176614 0.0305904 0.11515
      vertex -0.0180595 0.0312799 0.123375
    endloop
  endfacet
  facet normal -0.380933 0.919654 -0.0955365
    outer loop
      vertex -0.0091422 0.0341191 0.11515
      vertex -0.0180595 0.0312799 0.123375
      vertex -0.00934827 0.0348882 0.123375
    endloop
  endfacet
  facet normal -0.605977 0.789724 -0.0955365
    outer loop
      vertex -0.0176614 0.0305904 0.11515
      vertex -0.0249769 0.0249769 0.11515
      vertex -0.02554 0.02554 0.123375
    endloop
  endfacet
  facet normal -0.605977 0.789724 -0.0955365
    outer loop
      vertex -0.0176614 0.0305904 0.11515
      vertex -0.02554 0.02554 0.123375
      vertex -0.0180595 0.0312799 0.123375
    endloop
  endfacet
  facet normal -0.789724 0.605977 -0.0955365
    outer loop
      vertex -0.0249769 0.0249769 0.11515
      vertex -0.0305904 0.0176614 0.11515
      vertex -0.0312799 0.0180595 0.123375
    endloop
  endfacet
  facet normal -0.789724 0.605977 -0.0955365
    outer loop
      vertex -0.0249769 0.0249769 0.11515
      vertex -0.0312799 0.0180595 0.123375
      vertex -0.02554 0.02554 0.123375
    endloop
  endfacet
  facet normal -0.919654 0.380933 -0.0955365
    outer loop
      vertex -0.0305904 0.0176614 0.11515
      vertex -0.0341191 0.0091422 0.11515
      vertex -0.0348882 0.00934827 0.123375
    endloop
  endfacet
  facet normal -0.919654 0.380933 -0.0955365
    outer loop
      vertex -0.0305904 0.0176614 0.11515
      vertex -0.0348882 0.00934827 0.123375
      vertex -0.0312799 0.0180595 0.123375
    endloop
  endfacet
  facet normal -0.98691 0.129929 -0.0955365
    outer loop
      vertex -0.0341191 0.0091422 0.11515
      vertex -0.0353227 4.32579e-18 0.11515
      vertex -0.0361189 4.4233e-18 0.123375
    endloop
  endfacet
  facet normal -0.98691 0.129929 -0.0955365
    outer loop
      vertex -0.0341191 0.0091422 0.11515
      vertex -0.0361189 4.4233e-18 0.123375
      vertex -0.0348882 0.00934827 0.123375
    endloop
  endfacet
  facet normal -0.98691 -0.129929 -0.0955365
    outer loop
      vertex -0.0353227 4.32579e-18 0.11515
      vertex -0.0341191 -0.0091422 0.11515
      vertex -0.0348882 -0.00934827 0.123375
    endloop
  endfacet
  facet normal -0.98691 -0.129929 -0.0955365
    outer loop
      vertex -0.0353227 4.32579e-18 0.11515
      vertex -0.0348882 -0.00934827 0.123375
      vertex -0.0361189 4.4233e-18 0.123375
    endloop
  endfacet
  facet normal -0.919654 -0.380933 -0.0955365
    outer loop
      vertex -0.0341191 -0.0091422 0.11515
      vertex -0.0305904 -0.0176614 0.11515
      vertex -0.0312799 -0.0180595 0.123375
    endloop
  endfacet
  facet normal -0.919654 -0.380933 -0.0955365
    outer loop
      vertex -0.0341191 -0.0091422 0.11515
      vertex -0.0312799 -0.0180595 0.123375
      vertex -0.0348882 -0.00934827 0.123375
    endloop
  endfacet
  facet normal -0.789724 -0.605977 -0.0955365
    outer loop
      vertex -0.0305904 -0.0176614 0.11515
      vertex -0.0249769 -0.0249769 0.11515
      vertex -0.02554 -0.02554 0.123375
    endloop
  endfacet
  facet normal -0.789724 -0.605977 -0.0955365
    outer loop
      vertex -0.0305904 -0.0176614 0.11515
      vertex -0.02554 -0.02554 0.123375
      vertex -0.0312799 -0.0180595 0.123375
    endloop
  endfacet
  facet normal -0.605977 -0.789724 -0.0955365
    outer loop
      vertex -0.0249769 -0.0249769 0.11515
      vertex -0.0176614 -0.0305904 0.11515
      vertex -0.0180595 -0.0312799 0.123375
    endloop
  endfacet
  facet normal -0.605977 -0.789724 -0.0955365
    outer loop
      vertex -0.0249769 -0.0249769 0.11515
      vertex -0.0180595 -0.0312799 0.123375
      vertex -0.02554 -0.02554 0.123375
    endloop
  endfacet
  facet normal -0.380933 -0.919654 -0.0955365
    outer loop
      vertex -0.0176614 -0.0305904 0.11515
      vertex -0.0091422 -0.0341191 0.11515
      vertex -0.00934827 -0.0348882 0.123375
    endloop
  endfacet
  facet normal -0.380933 -0.919654 -0.0955365
    outer loop
      vertex -0.0176614 -0.0305904 0.11515
      vertex -0.00934827 -0.0348882 0.123375
      vertex -0.0180595 -0.0312799 0.123375
    endloop
  endfacet
  facet normal -0.129929 -0.98691 -0.0955365
    outer loop
      vertex -0.0091422 -0.0341191 0.11515
      vertex -6.48868e-18 -0.0353227 0.11515
      vertex -6.63494e-18 -0.0361189 0.123375
    endloop
  endfacet
  facet normal -0.129929 -0.98691 -0.0955365
    outer loop
      vertex -0.0091422 -0.0341191 0.11515
      vertex -6.63494e-18 -0.0361189 0.123375
      vertex -0.00934827 -0.0348882 0.123375
    endloop
  endfacet
  facet normal 0.129929 -0.98691 -0.0955365
    outer loop
      vertex -6.48868e-18 -0.0353227 0.11515
      vertex 0.0091422 -0.0341191 0.11515
      vertex 0.00934827 -0.0348882 0.123375
    endloop
  endfacet
  facet normal 0.129929 -0.98691 -0.0955365
    outer loop
      vertex -6.48868e-18 -0.0353227 0.11515
      vertex 0.00934827 -0.0348882 0.123375
      vertex -6.63494e-18 -0.0361189 0.123375
    endloop
  endfacet
  facet normal 0.380933 -0.919654 -0.0955365
    outer loop
      vertex 0.0091422 -0.0341191 0.11515
      vertex 0.0176614 -0.0305904 0.11515
      vertex 0.0180595 -0.0312799 0.123375
    endloop
  endfacet
  facet normal 0.380933 -0.919654 -0.0955365
    outer loop
      vertex 0.0091422 -0.0341191 0.11515
      vertex 0.0180595 -0.0312799 0.123375
      vertex 0.00934827 -0.0348882 0.123375
    endloop
  endfacet
  facet normal 0.605977 -0.789724 -0.0955365
    outer loop
      vertex 0.0176614 -0.0305904 0.11515
      vertex 0.0249769 -0.0249769 0.11515
      vertex 0.02554 -0.02554 0.123375
    endloop
  endfacet
  facet normal 0.605977 -0.789724 -0.0955365
    outer loop
      vertex 0.0176614 -0.0305904 0.11515
      vertex 0.02554 -0.02554 0.123375
      vertex 0.0180595 -0.0312799 0.123375
    endloop
  endfacet
  facet normal 0.789724 -0.605977 -0.0955365
    outer loop
      vertex 0.0249769 -0.0249769 0.11515
      vertex 0.0305904 -0.0176614 0.11515
      vertex 0.0312799 -0.0180595 0.123375
    endloop
  endfacet
  facet normal 0.789724 -0.605977 -0.0955365
    outer loop
      vertex 0.0249769 -0.0249769 0.11515
      vertex 0.0312799 -0.0180595 0.123375
      vertex 0.02554 -0.02554 0.123375
    endloop
  endfacet
  facet normal 0.919654 -0.380933 -0.0955365
    outer loop
      vertex 0.0305904 -0.0176614 0.11515
      vertex 0.0341191 -0.0091422 0.11515
      vertex 0.0348882 -0.00934827 0.123375
    endloop
  endfacet
  facet normal 0.919654 -0.380933 -0.0955365
    outer loop
      vertex 0.0305904 -0.0176614 0.11515
      vertex 0.0348882 -0.00934827 0.123375
      vertex 0.0312799 -0.0180595 0.123375
    endloop
  endfacet
  facet normal 0.98691 -0.129929 -0.0955365
    outer loop
      vertex 0.0341191 -0.0091422 0.11515
      vertex 0.0353227 -8.65158e-18 0.11515
      vertex 0.0361189 -8.84659e-18 0.123375
    endloop
  endfacet
  facet normal 0.98691 -0.129929 -0.0955365
    outer loop
      vertex 0.0341191 -0.0091422 0.11515
      vertex 0.0361189 -8.84659e-18 0.123375
      vertex 0.0348882 -0.00934827 0.123375
    endloop
  endfacet
  facet normal 0.995347 0 -0.0963532
    outer loop
      vertex 0.0353227 -8.65158e-18 0.11515
      vertex 0.0353227 0 0.11515
      vertex 0.0361189 0 0.123375
    endloop
  endfacet
  facet normal 0.995347 0 -0.0963532
    outer loop
      vertex 0.0353227 -8.65158e-18 0.11515
      vertex 0.0361189 0 0.123375
      vertex 0.0361189 -8.84659e-18 0.123375
    endloop
  endfacet
  facet normal 0.98691 0.129929 -0.0955365
    outer loop
      vertex 0.0361189 0 0.123375
      vertex 0.0348882 0.00934827 0.123375
      vertex 0.0356573 0.00955435 0.1316
    endloop
  endfacet
  facet normal 0.98691 0.129929 -0.0955365
    outer loop
      vertex 0.0361189 0 0.123375
      vertex 0.0356573 0.00955435 0.1316
      vertex 0.0369152 0 0.1316
    endloop
  endfacet
  facet normal 0.919654 0.380933 -0.0955365
    outer loop
      vertex 0.0348882 0.00934827 0.123375
      vertex 0.0312799 0.0180595 0.123375
      vertex 0.0319695 0.0184576 0.1316
    endloop
  endfacet
  facet normal 0.919654 0.380933 -0.0955365
    outer loop
      vertex 0.0348882 0.00934827 0.123375
      vertex 0.0319695 0.0184576 0.1316
      vertex 0.0356573 0.00955435 0.1316
    endloop
  endfacet
  facet normal 0.789724 0.605977 -0.0955365
    outer loop
      vertex 0.0312799 0.0180595 0.123375
      vertex 0.02554 0.02554 0.123375
      vertex 0.026103 0.026103 0.1316
    endloop
  endfacet
  facet normal 0.789724 0.605977 -0.0955365
    outer loop
      vertex 0.0312799 0.0180595 0.123375
      vertex 0.026103 0.026103 0.1316
      vertex 0.0319695 0.0184576 0.1316
    endloop
  endfacet
  facet normal 0.605977 0.789724 -0.0955365
    outer loop
      vertex 0.02554 0.02554 0.123375
      vertex 0.0180595 0.0312799 0.123375
      vertex 0.0184576 0.0319695 0.1316
    endloop
  endfacet
  facet normal 0.605977 0.789724 -0.0955365
    outer loop
      vertex 0.02554 0.02554 0.123375
      vertex 0.0184576 0.0319695 0.1316
      vertex 0.026103 0.026103 0.1316
    endloop
  endfacet
  facet normal 0.380933 0.919654 -0.0955365
    outer loop
      vertex 0.0180595 0.0312799 0.123375
      vertex 0.00934827 0.0348882 0.123375
      vertex 0.00955435 0.0356573 0.1316
    endloop
  endfacet
  facet normal 0.380933 0.919654 -0.0955365
    outer loop
      vertex 0.0180595 0.0312799 0.123375
      vertex 0.00955435 0.0356573 0.1316
      vertex 0.0184576 0.0319695 0.1316
    endloop
  endfacet
  facet normal 0.129929 0.98691 -0.0955365
    outer loop
      vertex 0.00934827 0.0348882 0.123375
      vertex 2.21165e-18 0.0361189 0.123375
      vertex 2.2604e-18 0.0369152 0.1316
    endloop
  endfacet
  facet normal 0.129929 0.98691 -0.0955365
    outer loop
      vertex 0.00934827 0.0348882 0.123375
      vertex 2.2604e-18 0.0369152 0.1316
      vertex 0.00955435 0.0356573 0.1316
    endloop
  endfacet
  facet normal -0.129929 0.98691 -0.0955365
    outer loop
      vertex 2.21165e-18 0.0361189 0.123375
      vertex -0.00934827 0.0348882 0.123375
      vertex -0.00955435 0.0356573 0.1316
    endloop
  endfacet
  facet normal -0.129929 0.98691 -0.0955365
    outer loop
      vertex 2.21165e-18 0.0361189 0.123375
      vertex -0.00955435 0.0356573 0.1316
      vertex 2.2604e-18 0.0369152 0.1316
    endloop
  endfacet
  facet normal -0.380933 0.919654 -0.0955365
    outer loop
      vertex -0.00934827 0.0348882 0.123375
      vertex -0.0180595 0.0312799 0.123375
      vertex -0.0184576 0.0319695 0.1316
    endloop
  endfacet
  facet normal -0.380933 0.919654 -0.0955365
    outer loop
      vertex -0.00934827 0.0348882 0.123375
      vertex -0.0184576 0.0319695 0.1316
      vertex -0.00955435 0.0356573 0.1316
    endloop
  endfacet
  facet normal -0.605977 0.789724 -0.0955365
    outer loop
      vertex -0.0180595 0.0312799 0.123375
      vertex -0.02554 0.02554 0.123375
      vertex -0.026103 0.026103 0.1316
    endloop
  endfacet
  facet normal -0.605977 0.789724 -0.0955365
    outer loop
      vertex -0.0180595 0.0312799 0.123375
      vertex -0.026103 0.026103 0.1316
      vertex -0.0184576 0.0319695 0.1316
    endloop
  endfacet
  facet normal -0.789724 0.605977 -0.0955365
    outer loop
      vertex -0.02554 0.02554 0.123375
      vertex -0.0312799 0.0180595 0.123375
      vertex -0.0319695 0.0184576 0.1316
    endloop
  endfacet
  facet normal -0.789724 0.605977 -0.0955365
    outer loop
      vertex -0.02554 0.02554 0.123375
      vertex -0.0319695 0.0184576 0.1316
      vertex -0.026103 0.026103 0.1316
    endloop
  endfacet
  facet normal -0.919654 0.380933 -0.0955365
    outer loop
      vertex -0.0312799 0.0180595 0.123375
      vertex -0.0348882 0.00934827 0.123375
      vertex -0.0356573 0.00955435 0.1316
    endloop
  endfacet
  facet normal -0.919654 0.380933 -0.0955365
    outer loop
      vertex -0.0312799 0.0180595 0.123375
      vertex -0.0356573 0.00955435 0.1316
      vertex -0.0319695 0.0184576 0.1316
    endloop
  endfacet
  facet normal -0.98691 0.129929 -0.0955365
    outer loop
      vertex -0.0348882 0.00934827 0.123375
      vertex -0.0361189 4.4233e-18 0.123375
      vertex -0.0369152 4.5208e-18 0.1316
    endloop
  endfacet
  facet normal -0.98691 0.129929 -0.0955365
    outer loop
      vertex -0.0348882 0.00934827 0.123375
      vertex -0.0369152 4.5208e-18 0.1316
      vertex -0.0356573 0.00955435 0.1316
    endloop
  endfacet
  facet normal -0.98691 -0.129929 -0.0955365
    outer loop
      vertex -0.0361189 4.4233e-18 0.123375
      vertex -0.0348882 -0.00934827 0.123375
      vertex -0.0356573 -0.00955435 0.1316
    endloop
  endfacet
  facet normal -0.98691 -0.129929 -0.0955365
    outer loop
      vertex -0.0361189 4.4233e-18 0.123375
      vertex -0.0356573 -0.00955435 0.1316
      vertex -0.0369152 4.5208e-18 0.1316
    endloop
  endfacet
  facet normal -0.919654 -0.380933 -0.0955365
    outer loop
      vertex -0.0348882 -0.00934827 0.123375
      vertex -0.0312799 -0.0180595 0.123375
      vertex -0.0319695 -0.0184576 0.1316
    endloop
  endfacet
  facet normal -0.919654 -0.380933 -0.0955365
    outer loop
      vertex -0.0348882 -0.00934827 0.123375
      vertex -0.0319695 -0.0184576 0.1316
      vertex -0.0356573 -0.00955435 0.1316
    endloop
  endfacet
  facet normal -0.789724 -0.605977 -0.0955365
    outer loop
      vertex -0.0312799 -0.0180595 0.123375
      vertex -0.02554 -0.02554 0.123375
      vertex -0.026103 -0.026103 0.1316
    endloop
  endfacet
  facet normal -0.789724 -0.605977 -0.0955365
    outer loop
      vertex -0.0312799 -0.0180595 0.123375
      vertex -0.026103 -0.026103 0.1316
      vertex -0.0319695 -0.0184576 0.1316
    endloop
  endfacet
  facet normal -0.605977 -0.789724 -0.0955365
    outer loop
      vertex -0.02554 -0.02554 0.123375
      vertex -0.0180595 -0.0312799 0.123375
      vertex -0.0184576 -0.0319695 0.1316
    endloop
  endfacet
  facet normal -0.605977 -0.789724 -0.0955365
    outer loop
      vertex -0.02554 -0.02554 0.123375
      vertex -0.0184576 -0.0319695 0.1316
      vertex -0.026103 -0.026103 0.1316
    endloop
  endfacet
  facet normal -0.380933 -0.919654 -0.0955365
    outer loop
      vertex -0.0180595 -0.0312799 0.123375
      vertex -0.00934827 -0.0348882 0.123375
      vertex -0.00955435 -0.0356573 0.1316
    endloop
  endfacet
  facet normal -0.380933 -0.919654 -0.0955365
    outer loop
      vertex -0.0180595 -0.0312799 0.123375
      vertex -0.00955435 -0.0356573 0.1316
      vertex -0.0184576 -0.0319695 0.1316
    endloop
  endfacet
  facet normal -0.129929 -0.98691 -0.0955365
    outer loop
      vertex -0.00934827 -0.0348882 0.123375
      vertex -6.63494e-18 -0.0361189 0.123375
      vertex -6.7812e-18 -0.0369152 0.1316
    endloop
  endfacet
  facet normal -0.129929 -0.98691 -0.0955365
    outer loop
      vertex -0.00934827 -0.0348882 0.123375
      vertex -6.7812e-18 -0.0369152 0.1316
      vertex -0.00955435 -0.0356573 0.1316
    endloop
  endfacet
  facet normal 0.129929 -0.98691 -0.0955365
    outer loop
      vertex -6.63494e-18 -0.0361189 0.123375
      vertex 0.00934827 -0.0348882 0.123375
      vertex 0.00955435 -0.0356573 0.1316
    endloop
  endfacet
  facet normal 0.129929 -0.98691 -0.0955365
    outer loop
      vertex -6.63494e-18 -0.0361189 0.123375
      vertex 0.00955435 -0.0356573 0.1316
      vertex -6.7812e-18 -0.0369152 0.1316
    endloop
  endfacet
  facet normal 0.380933 -0.919654 -0.0955365
    outer loop
      vertex 0.00934827 -0.0348882 0.123375
      vertex 0.0180595 -0.0312799 0.123375
      vertex 0.0184576 -0.0319695 0.1316
    endloop
  endfacet
  facet normal 0.380933 -0.919654 -0.0955365
    outer loop
      vertex 0.00934827 -0.0348882 0.123375
      vertex 0.0184576 -0.0319695 0.1316
      vertex 0.00955435 -0.0356573 0.1316
    endloop
  endfacet
  facet normal 0.605977 -0.789724 -0.0955365
    outer loop
      vertex 0.0180595 -0.0312799 0.123375
      vertex 0.02554 -0.02554 0.123375
      vertex 0.026103 -0.026103 0.1316
    endloop
  endfacet
  facet normal 0.605977 -0.789724 -0.0955365
    outer loop
      vertex 0.0180595 -0.0312799 0.123375
      vertex 0.026103 -0.026103 0.1316
      vertex 0.0184576 -0.0319695 0.1316
    endloop
  endfacet
  facet normal 0.789724 -0.605977 -0.0955365
    outer loop
      vertex 0.02554 -0.02554 0.123375
      vertex 0.0312799 -0.0180595 0.123375
      vertex 0.0319695 -0.0184576 0.1316
    endloop
  endfacet
  facet normal 0.789724 -0.605977 -0.0955365
    outer loop
      vertex 0.02554 -0.02554 0.123375
      vertex 0.0319695 -0.0184576 0.1316
      vertex 0.026103 -0.026103 0.1316
    endloop
  endfacet
  facet normal 0.919654 -0.380933 -0.0955365
    outer loop
      vertex 0.0312799 -0.0180595 0.123375
      vertex 0.0348882 -0.00934827 0.123375
      vertex 0.0356573 -0.00955435 0.1316
    endloop
  endfacet
  facet normal 0.919654 -0.380933 -0.0955365
    outer loop
      vertex 0.0312799 -0.0180595 0.123375
      vertex 0.0356573 -0.00955435 0.1316
      vertex 0.0319695 -0.0184576 0.1316
    endloop
  endfacet
  facet normal 0.98691 -0.129929 -0.0955365
    outer loop
      vertex 0.0348882 -0.00934827 0.123375
      vertex 0.0361189 -8.84659e-18 0.123375
      vertex 0.0369152 -9.04161e-18 0.1316
    endloop
  endfacet
  facet normal 0.98691 -0.129929 -0.0955365
    outer loop
      vertex 0.0348882 -0.00934827 0.123375
      vertex 0.0369152 -9.04161e-18 0.1316
      vertex 0.0356573 -0.00955435 0.1316
    endloop
  endfacet
  facet normal 0.995347 0 -0.0963532
    outer loop
      vertex 0.0361189 -8.84659e-18 0.123375
      vertex 0.0361189 0 0.123375
      vertex 0.0369152 0 0.1316
    endloop
  endfacet
  facet normal 0.995347 0 -0.0963532
    outer loop
      vertex 0.0361189 -8.84659e-18 0.123375
      vertex 0.0369152 0 0.1316
      vertex 0.0369152 -9.04161e-18 0.1316
    endloop
  endfacet
  facet normal 0.98691 0.129929 -0.0955365
    outer loop
      vertex 0.0369152 0 0.1316
      vertex 0.0356573 0.00955435 0.1316
      vertex 0.0364264 0.00976042 0.139825
    endloop
  endfacet
  facet normal 0.98691 0.129929 -0.0955365
    outer loop
      vertex 0.0369152 0 0.1316
      vertex 0.0364264 0.00976042 0.139825
      vertex 0.0377114 0 0.139825
    endloop
  endfacet
  facet normal 0.919654 0.380933 -0.0955365
    outer loop
      vertex 0.0356573 0.00955435 0.1316
      vertex 0.0319695 0.0184576 0.1316
      vertex 0.032659 0.0188557 0.139825
    endloop
  endfacet
  facet normal 0.919654 0.380933 -0.0955365
    outer loop
      vertex 0.0356573 0.00955435 0.1316
      vertex 0.032659 0.0188557 0.139825
      vertex 0.0364264 0.00976042 0.139825
    endloop
  endfacet
  facet normal 0.789724 0.605977 -0.0955365
    outer loop
      vertex 0.0319695 0.0184576 0.1316
      vertex 0.026103 0.026103 0.1316
      vertex 0.026666 0.026666 0.139825
    endloop
  endfacet
  facet normal 0.789724 0.605977 -0.0955365
    outer loop
      vertex 0.0319695 0.0184576 0.1316
      vertex 0.026666 0.026666 0.139825
      vertex 0.032659 0.0188557 0.139825
    endloop
  endfacet
  facet normal 0.605977 0.789724 -0.0955365
    outer loop
      vertex 0.026103 0.026103 0.1316
      vertex 0.0184576 0.0319695 0.1316
      vertex 0.0188557 0.032659 0.139825
    endloop
  endfacet
  facet normal 0.605977 0.789724 -0.0955365
    outer loop
      vertex 0.026103 0.026103 0.1316
      vertex 0.0188557 0.032659 0.139825
      vertex 0.026666 0.026666 0.139825
    endloop
  endfacet
  facet normal 0.380933 0.919654 -0.0955365
    outer loop
      vertex 0.0184576 0.0319695 0.1316
      vertex 0.00955435 0.0356573 0.1316
      vertex 0.00976042 0.0364264 0.139825
    endloop
  endfacet
  facet normal 0.380933 0.919654 -0.0955365
    outer loop
      vertex 0.0184576 0.0319695 0.1316
      vertex 0.00976042 0.0364264 0.139825
      vertex 0.0188557 0.032659 0.139825
    endloop
  endfacet
  facet normal 0.129929 0.98691 -0.0955365
    outer loop
      vertex 0.00955435 0.0356573 0.1316
      vertex 2.2604e-18 0.0369152 0.1316
      vertex 2.30916e-18 0.0377114 0.139825
    endloop
  endfacet
  facet normal 0.129929 0.98691 -0.0955365
    outer loop
      vertex 0.00955435 0.0356573 0.1316
      vertex 2.30916e-18 0.0377114 0.139825
      vertex 0.00976042 0.0364264 0.139825
    endloop
  endfacet
  facet normal -0.129929 0.98691 -0.0955365
    outer loop
      vertex 2.2604e-18 0.0369152 0.1316
      vertex -0.00955435 0.0356573 0.1316
      vertex -0.00976042 0.0364264 0.139825
    endloop
  endfacet
  facet normal -0.129929 0.98691 -0.0955365
    outer loop
      vertex 2.2604e-18 0.0369152 0.1316
      vertex -0.00976042 0.0364264 0.139825
      vertex 2.30916e-18 0.0377114 0.139825
    endloop
  endfacet
  facet normal -0.380933 0.919654 -0.0955365
    outer loop
      vertex -0.00955435 0.0356573 0.1316
      vertex -0.0184576 0.0319695 0.1316
      vertex -0.0188557 0.032659 0.139825
    endloop
  endfacet
  facet normal -0.380933 0.919654 -0.0955365
    outer loop
      vertex -0.00955435 0.0356573 0.1316
      vertex -0.0188557 0.032659 0.139825
      vertex -0.00976042 0.0364264 0.139825
    endloop
  endfacet
  facet normal -0.605977 0.789724 -0.0955365
    outer loop
      vertex -0.0184576 0.0319695 0.1316
      vertex -0.026103 0.026103 0.1316
      vertex -0.026666 0.026666 0.139825
    endloop
  endfacet
  facet normal -0.605977 0.789724 -0.0955365
    outer loop
      vertex -0.0184576 0.0319695 0.1316
      vertex -0.026666 0.026666 0.139825
      vertex -0.0188557 0.032659 0.139825
    endloop
  endfacet
  facet normal -0.789724 0.605977 -0.0955365
    outer loop
      vertex -0.026103 0.026103 0.1316
      vertex -0.0319695 0.0184576 0.1316
      vertex -0.032659 0.0188557 0.139825
    endloop
  endfacet
  facet normal -0.789724 0.605977 -0.0955365
    outer loop
      vertex -0.026103 0.026103 0.1316
      vertex -0.032659 0.0188557 0.139825
      vertex -0.026666 0.026666 0.139825
    endloop
  endfacet
  facet normal -0.919654 0.380933 -0.0955365
    outer loop
      vertex -0.0319695 0.0184576 0.1316
      vertex -0.0356573 0.00955435 0.1316
      vertex -0.0364264 0.00976042 0.139825
    endloop
  endfacet
  facet normal -0.919654 0.380933 -0.0955365
    outer loop
      vertex -0.0319695 0.0184576 0.1316
      vertex -0.0364264 0.00976042 0.139825
      vertex -0.032659 0.0188557 0.139825
    endloop
  endfacet
  facet normal -0.98691 0.129929 -0.0955365
    outer loop
      vertex -0.0356573 0.00955435 0.1316
      vertex -0.0369152 4.5208e-18 0.1316
      vertex -0.0377114 4.61831e-18 0.139825
    endloop
  endfacet
  facet normal -0.98691 0.129929 -0.0955365
    outer loop
      vertex -0.0356573 0.00955435 0.1316
      vertex -0.0377114 4.61831e-18 0.139825
      vertex -0.0364264 0.00976042 0.139825
    endloop
  endfacet
  facet normal -0.98691 -0.129929 -0.0955365
    outer loop
      vertex -0.0369152 4.5208e-18 0.1316
      vertex -0.0356573 -0.00955435 0.1316
      vertex -0.0364264 -0.00976042 0.139825
    endloop
  endfacet
  facet normal -0.98691 -0.129929 -0.0955365
    outer loop
      vertex -0.0369152 4.5208e-18 0.1316
      vertex -0.0364264 -0.00976042 0.139825
      vertex -0.0377114 4.61831e-18 0.139825
    endloop
  endfacet
  facet normal -0.919654 -0.380933 -0.0955365
    outer loop
      vertex -0.0356573 -0.00955435 0.1316
      vertex -0.0319695 -0.0184576 0.1316
      vertex -0.032659 -0.0188557 0.139825
    endloop
  endfacet
  facet normal -0.919654 -0.380933 -0.0955365
    outer loop
      vertex -0.0356573 -0.00955435 0.1316
      vertex -0.032659 -0.0188557 0.139825
      vertex -0.0364264 -0.00976042 0.139825
    endloop
  endfacet
  facet normal -0.789724 -0.605977 -0.0955365
    outer loop
      vertex -0.0319695 -0.0184576 0.1316
      vertex -0.026103 -0.026103 0.1316
      vertex -0.026666 -0.026666 0.139825
    endloop
  endfacet
  facet normal -0.789724 -0.605977 -0.0955365
    outer loop
      vertex -0.0319695 -0.0184576 0.1316
      vertex -0.026666 -0.026666 0.139825
      vertex -0.032659 -0.0188557 0.139825
    endloop
  endfacet
  facet normal -0.605977 -0.789724 -0.0955365
    outer loop
      vertex -0.026103 -0.026103 0.1316
      vertex -0.0184576 -0.0319695 0.1316
      vertex -0.0188557 -0.032659 0.139825
    endloop
  endfacet
  facet normal -0.605977 -0.789724 -0.0955365
    outer loop
      vertex -0.026103 -0.026103 0.1316
      vertex -0.0188557 -0.032659 0.139825
      vertex -0.026666 -0.026666 0.139825
    endloop
  endfacet
  facet normal -0.380933 -0.919654 -0.0955365
    outer loop
      vertex -0.0184576 -0.0319695 0.1316
      vertex -0.00955435 -0.0356573 0.1316
      vertex -0.00976042 -0.0364264 0.139825
    endloop
  endfacet
  facet normal -0.380933 -0.919654 -0.0955365
    outer loop
      vertex -0.0184576 -0.0319695 0.1316
      vertex -0.00976042 -0.0364264 0.139825
      vertex -0.0188557 -0.032659 0.139825
    endloop
  endfacet
  facet normal -0.129929 -0.98691 -0.0955365
    outer loop
      vertex -0.00955435 -0.0356573 0.1316
      vertex -6.7812e-18 -0.0369152 0.1316
      vertex -6.92747e-18 -0.0377114 0.139825
    endloop
  endfacet
  facet normal -0.129929 -0.98691 -0.0955365
    outer loop
      vertex -0.00955435 -0.0356573 0.1316
      vertex -6.92747e-18 -0.0377114 0.139825
      vertex -0.00976042 -0.0364264 0.139825
    endloop
  endfacet
  facet normal 0.129929 -0.98691 -0.0955365
    outer loop
      vertex -6.7812e-18 -0.0369152 0.1316
      vertex 0.00955435 -0.0356573 0.1316
      vertex 0.00976042 -0.0364264 0.139825
    endloop
  endfacet
  facet normal 0.129929 -0.98691 -0.0955365
    outer loop
      vertex -6.7812e-18 -0.0369152 0.1316
      vertex 0.00976042 -0.0364264 0.139825
      vertex -6.92747e-18 -0.0377114 0.139825
    endloop
  endfacet
  facet normal 0.380933 -0.919654 -0.0955365
    outer loop
      vertex 0.00955435 -0.0356573 0.1316
      vertex 0.0184576 -0.0319695 0.1316
      vertex 0.0188557 -0.032659 0.139825
    endloop
  endfacet
  facet normal 0.380933 -0.919654 -0.0955365
    outer loop
      vertex 0.00955435 -0.0356573 0.1316
      vertex 0.0188557 -0.032659 0.139825
      vertex 0.00976042 -0.0364264 0.139825
    endloop
  endfacet
  facet normal 0.605977 -0.789724 -0.0955365
    outer loop
      vertex 0.0184576 -0.0319695 0.1316
      vertex 0.026103 -0.026103 0.1316
      vertex 0.026666 -0.026666 0.139825
    endloop
  endfacet
  facet normal 0.605977 -0.789724 -0.0955365
    outer loop
      vertex 0.0184576 -0.0319695 0.1316
      vertex 0.026666 -0.026666 0.139825
      vertex 0.0188557 -0.032659 0.139825
    endloop
  endfacet
  facet normal 0.789724 -0.605977 -0.0955365
    outer loop
      vertex 0.026103 -0.026103 0.1316
      vertex 0.0319695 -0.0184576 0.1316
      vertex 0.032659 -0.0188557 0.139825
    endloop
  endfacet
  facet normal 0.789724 -0.605977 -0.0955365
    outer loop
      vertex 0.026103 -0.026103 0.1316
      vertex 0.032659 -0.0188557 0.139825
      vertex 0.026666 -0.026666 0.139825
    endloop
  endfacet
  facet normal 0.919654 -0.380933 -0.0955365
    outer loop
      vertex 0.0319695 -0.0184576 0.1316
      vertex 0.0356573 -0.00955435 0.1316
      vertex 0.0364264 -0.00976042 0.139825
    endloop
  endfacet
  facet normal 0.919654 -0.380933 -0.0955365
    outer loop
      vertex 0.0319695 -0.0184576 0.1316
      vertex 0.0364264 -0.00976042 0.139825
      vertex 0.032659 -0.0188557 0.139825
    endloop
  endfacet
  facet normal 0.98691 -0.129929 -0.0955365
    outer loop
      vertex 0.0356573 -0.00955435 0.1316
      vertex 0.0369152 -9.04161e-18 0.1316
      vertex 0.0377114 -9.23662e-18 0.139825
    endloop
  endfacet
  facet normal 0.98691 -0.129929 -0.0955365
    outer loop
      vertex 0.0356573 -0.00955435 0.1316
      vertex 0.0377114 -9.23662e-18 0.139825
      vertex 0.0364264 -0.00976042 0.139825
    endloop
  endfacet
  facet normal 0.995347 0 -0.0963532
    outer loop
      vertex 0.0369152 -9.04161e-18 0.1316
      vertex 0.0369152 0 0.1316
      vertex 0.0377114 0 0.139825
    endloop
  endfacet
  facet normal 0.995347 0 -0.0963532
    outer loop
      vertex 0.0369152 -9.04161e-18 0.1316
      vertex 0.0377114 0 0.139825
      vertex 0.0377114 -9.23662e-18 0.139825
    endloop
  endfacet
  facet normal 0.98691 0.129929 -0.0955365
    outer loop
      vertex 0.0377114 0 0.139825
      vertex 0.0364264 0.00976042 0.139825
      vertex 0.0371955 0.0099665 0.14805
    endloop
  endfacet
  facet normal 0.98691 0.129929 -0.0955365
    outer loop
      vertex 0.0377114 0 0.139825
      vertex 0.0371955 0.0099665 0.14805
      vertex 0.0385076 0 0.14805
    endloop
  endfacet
  facet normal 0.919654 0.380933 -0.0955365
    outer loop
      vertex 0.0364264 0.00976042 0.139825
      vertex 0.032659 0.0188557 0.139825
      vertex 0.0333485 0.0192538 0.14805
    endloop
  endfacet
  facet normal 0.919654 0.380933 -0.0955365
    outer loop
      vertex 0.0364264 0.00976042 0.139825
      vertex 0.0333485 0.0192538 0.14805
      vertex 0.0371955 0.0099665 0.14805
    endloop
  endfacet
  facet normal 0.789724 0.605977 -0.0955365
    outer loop
      vertex 0.032659 0.0188557 0.139825
      vertex 0.026666 0.026666 0.139825
      vertex 0.027229 0.027229 0.14805
    endloop
  endfacet
  facet normal 0.789724 0.605977 -0.0955365
    outer loop
      vertex 0.032659 0.0188557 0.139825
      vertex 0.027229 0.027229 0.14805
      vertex 0.0333485 0.0192538 0.14805
    endloop
  endfacet
  facet normal 0.605977 0.789724 -0.0955365
    outer loop
      vertex 0.026666 0.026666 0.139825
      vertex 0.0188557 0.032659 0.139825
      vertex 0.0192538 0.0333485 0.14805
    endloop
  endfacet
  facet normal 0.605977 0.789724 -0.0955365
    outer loop
      vertex 0.026666 0.026666 0.139825
      vertex 0.0192538 0.0333485 0.14805
      vertex 0.027229 0.027229 0.14805
    endloop
  endfacet
  facet normal 0.380933 0.919654 -0.0955365
    outer loop
      vertex 0.0188557 0.032659 0.139825
      vertex 0.00976042 0.0364264 0.139825
      vertex 0.0099665 0.0371955 0.14805
    endloop
  endfacet
  facet normal 0.380933 0.919654 -0.0955365
    outer loop
      vertex 0.0188557 0.032659 0.139825
      vertex 0.0099665 0.0371955 0.14805
      vertex 0.0192538 0.0333485 0.14805
    endloop
  endfacet
  facet normal 0.129929 0.98691 -0.0955365
    outer loop
      vertex 0.00976042 0.0364264 0.139825
      vertex 2.30916e-18 0.0377114 0.139825
      vertex 2.35791e-18 0.0385076 0.14805
    endloop
  endfacet
  facet normal 0.129929 0.98691 -0.0955365
    outer loop
      vertex 0.00976042 0.0364264 0.139825
      vertex 2.35791e-18 0.0385076 0.14805
      vertex 0.0099665 0.0371955 0.14805
    endloop
  endfacet
  facet normal -0.129929 0.98691 -0.0955365
    outer loop
      vertex 2.30916e-18 0.0377114 0.139825
      vertex -0.00976042 0.0364264 0.139825
      vertex -0.0099665 0.0371955 0.14805
    endloop
  endfacet
  facet normal -0.129929 0.98691 -0.0955365
    outer loop
      vertex 2.30916e-18 0.0377114 0.139825
      vertex -0.0099665 0.0371955 0.14805
      vertex 2.35791e-18 0.0385076 0.14805
    endloop
  endfacet
  facet normal -0.380933 0.919654 -0.0955365
    outer loop
      vertex -0.00976042 0.0364264 0.139825
      vertex -0.0188557 0.032659 0.139825
      vertex -0.0192538 0.0333485 0.14805
    endloop
  endfacet
  facet normal -0.380933 0.919654 -0.0955365
    outer loop
      vertex -0.00976042 0.0364264 0.139825
      vertex -0.0192538 0.0333485 0.14805
      vertex -0.0099665 0.0371955 0.14805
    endloop
  endfacet
  facet normal -0.605977 0.789724 -0.0955365
    outer loop
      vertex -0.0188557 0.032659 0.139825
      vertex -0.026666 0.026666 0.139825
      vertex -0.027229 0.027229 0.14805
    endloop
  endfacet
  facet normal -0.605977 0.789724 -0.0955365
    outer loop
      vertex -0.0188557 0.032659 0.139825
      vertex -0.027229 0.027229 0.14805
      vertex -0.0192538 0.0333485 0.14805
    endloop
  endfacet
  facet normal -0.789724 0.605977 -0.0955365
    outer loop
      vertex -0.026666 0.026666 0.139825
      vertex -0.032659 0.0188557 0.139825
      vertex -0.0333485 0.0192538 0.14805
    endloop
  endfacet
  facet normal -0.789724 0.605977 -0.0955365
    outer loop
      vertex -0.026666 0.026666 0.139825
      vertex -0.0333485 0.0192538 0.14805
      vertex -0.027229 0.027229 0.14805
    endloop
  endfacet
  facet normal -0.919654 0.380933 -0.0955365
    outer loop
      vertex -0.032659 0.0188557 0.139825
      vertex -0.0364264 0.00976042 0.139825
      vertex -0.0371955 0.0099665 0.14805
    endloop
  endfacet
  facet normal -0.919654 0.380933 -0.0955365
    outer loop
      vertex -0.032659 0.0188557 0.139825
      vertex -0.0371955 0.0099665 0.14805
      vertex -0.0333485 0.0192538 0.14805
    endloop
  endfacet
  facet normal -0.98691 0.129929 -0.0955365
    outer loop
      vertex -0.0364264 0.00976042 0.139825
      vertex -0.0377114 4.61831e-18 0.139825
      vertex -0.0385076 4.71582e-18 0.14805
    endloop
  endfacet
  facet normal -0.98691 0.129929 -0.0955365
    outer loop
      vertex -0.0364264 0.00976042 0.139825
      vertex -0.0385076 4.71582e-18 0.14805
      vertex -0.0371955 0.0099665 0.14805
    endloop
  endfacet
  facet normal -0.98691 -0.129929 -0.0955365
    outer loop
      vertex -0.0377114 4.61831e-18 0.139825
      vertex -0.0364264 -0.00976042 0.139825
      vertex -0.0371955 -0.0099665 0.14805
    endloop
  endfacet
  facet normal -0.98691 -0.129929 -0.0955365
    outer loop
      vertex -0.0377114 4.61831e-18 0.139825
      vertex -0.0371955 -0.0099665 0.14805
      vertex -0.0385076 4.71582e-18 0.14805
    endloop
  endfacet
  facet normal -0.919654 -0.380933 -0.0955365
    outer loop
      vertex -0.0364264 -0.00976042 0.139825
      vertex -0.032659 -0.0188557 0.139825
      vertex -0.0333485 -0.0192538 0.14805
    endloop
  endfacet
  facet normal -0.919654 -0.380933 -0.0955365
    outer loop
      vertex -0.0364264 -0.00976042 0.139825
      vertex -0.0333485 -0.0192538 0.14805
      vertex -0.0371955 -0.0099665 0.14805
    endloop
  endfacet
  facet normal -0.789724 -0.605977 -0.0955365
    outer loop
      vertex -0.032659 -0.0188557 0.139825
      vertex -0.026666 -0.026666 0.139825
      vertex -0.027229 -0.027229 0.14805
    endloop
  endfacet
  facet normal -0.789724 -0.605977 -0.0955365
    outer loop
      vertex -0.032659 -0.0188557 0.139825
      vertex -0.027229 -0.027229 0.14805
      vertex -0.0333485 -0.0192538 0.14805
    endloop
  endfacet
  facet normal -0.605977 -0.789724 -0.0955365
    outer loop
      vertex -0.026666 -0.026666 0.139825
      vertex -0.0188557 -0.032659 0.139825
      vertex -0.0192538 -0.0333485 0.14805
    endloop
  endfacet
  facet normal -0.605977 -0.789724 -0.0955365
    outer loop
      vertex -0.026666 -0.026666 0.139825
      vertex -0.0192538 -0.0333485 0.14805
      vertex -0.027229 -0.027229 0.14805
    endloop
  endfacet
  facet normal -0.380933 -0.919654 -0.0955365
    outer loop
      vertex -0.0188557 -0.032659 0.139825
      vertex -0.00976042 -0.0364264 0.139825
      vertex -0.0099665 -0.0371955 0.14805
    endloop
  endfacet
  facet normal -0.380933 -0.919654 -0.0955365
    outer loop
      vertex -0.0188557 -0.032659 0.139825
      vertex -0.0099665 -0.0371955 0.14805
      vertex -0.0192538 -0.0333485 0.14805
    endloop
  endfacet
  facet normal -0.129929 -0.98691 -0.0955365
    outer loop
      vertex -0.00976042 -0.0364264 0.139825
      vertex -6.92747e-18 -0.0377114 0.139825
      vertex -7.07373e-18 -0.0385076 0.14805
    endloop
  endfacet
  facet normal -0.129929 -0.98691 -0.0955365
    outer loop
      vertex -0.00976042 -0.0364264 0.139825
      vertex -7.07373e-18 -0.0385076 0.14805
      vertex -0.0099665 -0.0371955 0.14805
    endloop
  endfacet
  facet normal 0.129929 -0.98691 -0.0955365
    outer loop
      vertex -6.92747e-18 -0.0377114 0.139825
      vertex 0.00976042 -0.0364264 0.139825
      vertex 0.0099665 -0.0371955 0.14805
    endloop
  endfacet
  facet normal 0.129929 -0.98691 -0.0955365
    outer loop
      vertex -6.92747e-18 -0.0377114 0.139825
      vertex 0.0099665 -0.0371955 0.14805
      vertex -7.07373e-18 -0.0385076 0.14805
    endloop
  endfacet
  facet normal 0.380933 -0.919654 -0.0955365
    outer loop
      vertex 0.00976042 -0.0364264 0.139825
      vertex 0.0188557 -0.032659 0.139825
      vertex 0.0192538 -0.0333485 0.14805
    endloop
  endfacet
  facet normal 0.380933 -0.919654 -0.0955365
    outer loop
      vertex 0.00976042 -0.0364264 0.139825
      vertex 0.0192538 -0.0333485 0.14805
      vertex 0.0099665 -0.0371955 0.14805
    endloop
  endfacet
  facet normal 0.605977 -0.789724 -0.0955365
    outer loop
      vertex 0.0188557 -0.032659 0.139825
      vertex 0.026666 -0.026666 0.139825
      vertex 0.027229 -0.027229 0.14805
    endloop
  endfacet
  facet normal 0.605977 -0.789724 -0.0955365
    outer loop
      vertex 0.0188557 -0.032659 0.139825
      vertex 0.027229 -0.027229 0.14805
      vertex 0.0192538 -0.0333485 0.14805
    endloop
  endfacet
  facet normal 0.789724 -0.605977 -0.0955365
    outer loop
      vertex 0.026666 -0.026666 0.139825
      vertex 0.032659 -0.0188557 0.139825
      vertex 0.0333485 -0.0192538 0.14805
    endloop
  endfacet
  facet normal 0.789724 -0.605977 -0.0955365
    outer loop
      vertex 0.026666 -0.026666 0.139825
      vertex 0.0333485 -0.0192538 0.14805
      vertex 0.027229 -0.027229 0.14805
    endloop
  endfacet
  facet normal 0.919654 -0.380933 -0.0955365
    outer loop
      vertex 0.032659 -0.0188557 0.139825
      vertex 0.0364264 -0.00976042 0.139825
      vertex 0.0371955 -0.0099665 0.14805
    endloop
  endfacet
  facet normal 0.919654 -0.380933 -0.0955365
    outer loop
      vertex 0.032659 -0.0188557 0.139825
      vertex 0.0371955 -0.0099665 0.14805
      vertex 0.0333485 -0.0192538 0.14805
    endloop
  endfacet
  facet normal 0.98691 -0.129929 -0.0955365
    outer loop
      vertex 0.0364264 -0.00976042 0.139825
      vertex 0.0377114 -9.23662e-18 0.139825
      vertex 0.0385076 -9.43164e-18 0.14805
    endloop
  endfacet
  facet normal 0.98691 -0.129929 -0.0955365
    outer loop
      vertex 0.0364264 -0.00976042 0.139825
      vertex 0.0385076 -9.43164e-18 0.14805
      vertex 0.0371955 -0.0099665 0.14805
    endloop
  endfacet
  facet normal 0.995347 0 -0.0963532
    outer loop
      vertex 0.0377114 -9.23662e-18 0.139825
      vertex 0.0377114 0 0.139825
      vertex 0.0385076 0 0.14805
    endloop
  endfacet
  facet normal 0.995347 0 -0.0963532
    outer loop
      vertex 0.0377114 -9.23662e-18 0.139825
      vertex 0.0385076 0 0.14805
      vertex 0.0385076 -9.43164e-18 0.14805
    endloop
  endfacet
  facet normal 0.98691 0.129929 -0.0955365
    outer loop
      vertex 0.0385076 0 0.14805
      vertex 0.0371955 0.0099665 0.14805
      vertex 0.0379645 0.0101726 0.156275
    endloop
  endfacet
  facet normal 0.98691 0.129929 -0.0955365
    outer loop
      vertex 0.0385076 0 0.14805
      vertex 0.0379645 0.0101726 0.156275
      vertex 0.0393038 0 0.156275
    endloop
  endfacet
  facet normal 0.919654 0.380933 -0.0955365
    outer loop
      vertex 0.0371955 0.0099665 0.14805
      vertex 0.0333485 0.0192538 0.14805
      vertex 0.0340381 0.0196519 0.156275
    endloop
  endfacet
  facet normal 0.919654 0.380933 -0.0955365
    outer loop
      vertex 0.0371955 0.0099665 0.14805
      vertex 0.0340381 0.0196519 0.156275
      vertex 0.0379645 0.0101726 0.156275
    endloop
  endfacet
  facet normal 0.789724 0.605977 -0.0955365
    outer loop
      vertex 0.0333485 0.0192538 0.14805
      vertex 0.027229 0.027229 0.14805
      vertex 0.027792 0.027792 0.156275
    endloop
  endfacet
  facet normal 0.789724 0.605977 -0.0955365
    outer loop
      vertex 0.0333485 0.0192538 0.14805
      vertex 0.027792 0.027792 0.156275
      vertex 0.0340381 0.0196519 0.156275
    endloop
  endfacet
  facet normal 0.605977 0.789724 -0.0955365
    outer loop
      vertex 0.027229 0.027229 0.14805
      vertex 0.0192538 0.0333485 0.14805
      vertex 0.0196519 0.0340381 0.156275
    endloop
  endfacet
  facet normal 0.605977 0.789724 -0.0955365
    outer loop
      vertex 0.027229 0.027229 0.14805
      vertex 0.0196519 0.0340381 0.156275
      vertex 0.027792 0.027792 0.156275
    endloop
  endfacet
  facet normal 0.380933 0.919654 -0.0955365
    outer loop
      vertex 0.0192538 0.0333485 0.14805
      vertex 0.0099665 0.0371955 0.14805
      vertex 0.0101726 0.0379645 0.156275
    endloop
  endfacet
  facet normal 0.380933 0.919654 -0.0955365
    outer loop
      vertex 0.0192538 0.0333485 0.14805
      vertex 0.0101726 0.0379645 0.156275
      vertex 0.0196519 0.0340381 0.156275
    endloop
  endfacet
  facet normal 0.129929 0.98691 -0.0955365
    outer loop
      vertex 0.0099665 0.0371955 0.14805
      vertex 2.35791e-18 0.0385076 0.14805
      vertex 2.40666e-18 0.0393038 0.156275
    endloop
  endfacet
  facet normal 0.129929 0.98691 -0.0955365
    outer loop
      vertex 0.0099665 0.0371955 0.14805
      vertex 2.40666e-18 0.0393038 0.156275
      vertex 0.0101726 0.0379645 0.156275
    endloop
  endfacet
  facet normal -0.129929 0.98691 -0.0955365
    outer loop
      vertex 2.35791e-18 0.0385076 0.14805
      vertex -0.0099665 0.0371955 0.14805
      vertex -0.0101726 0.0379645 0.156275
    endloop
  endfacet
  facet normal -0.129929 0.98691 -0.0955365
    outer loop
      vertex 2.35791e-18 0.0385076 0.14805
      vertex -0.0101726 0.0379645 0.156275
      vertex 2.40666e-18 0.0393038 0.156275
    endloop
  endfacet
  facet normal -0.380933 0.919654 -0.0955365
    outer loop
      vertex -0.0099665 0.0371955 0.14805
      vertex -0.0192538 0.0333485 0.14805
      vertex -0.0196519 0.0340381 0.156275
    endloop
  endfacet
  facet normal -0.380933 0.919654 -0.0955365
    outer loop
      vertex -0.0099665 0.0371955 0.14805
      vertex -0.0196519 0.0340381 0.156275
      vertex -0.0101726 0.0379645 0.156275
    endloop
  endfacet
  facet normal -0.605977 0.789724 -0.0955365
    outer loop
      vertex -0.0192538 0.0333485 0.14805
      vertex -0.027229 0.027229 0.14805
      vertex -0.027792 0.027792 0.156275
    endloop
  endfacet
  facet normal -0.605977 0.789724 -0.0955365
    outer loop
      vertex -0.0192538 0.0333485 0.14805
      vertex -0.027792 0.027792 0.156275
      vertex -0.0196519 0.0340381 0.156275
    endloop
  endfacet
  facet normal -0.789724 0.605977 -0.0955365
    outer loop
      vertex -0.027229 0.027229 0.14805
      vertex -0.0333485 0.0192538 0.14805
      vertex -0.0340381 0.0196519 0.156275
    endloop
  endfacet
  facet normal -0.789724 0.605977 -0.0955365
    outer loop
      vertex -0.027229 0.027229 0.14805
      vertex -0.0340381 0.0196519 0.156275
      vertex -0.027792 0.027792 0.156275
    endloop
  endfacet
  facet normal -0.919654 0.380933 -0.0955365
    outer loop
      vertex -0.0333485 0.0192538 0.14805
      vertex -0.0371955 0.0099665 0.14805
      vertex -0.0379645 0.0101726 0.156275
    endloop
  endfacet
  facet normal -0.919654 0.380933 -0.0955365
    outer loop
      vertex -0.0333485 0.0192538 0.14805
      vertex -0.0379645 0.0101726 0.156275
      vertex -0.0340381 0.0196519 0.156275
    endloop
  endfacet
  facet normal -0.98691 0.129929 -0.0955365
    outer loop
      vertex -0.0371955 0.0099665 0.14805
      vertex -0.0385076 4.71582e-18 0.14805
      vertex -0.0393038 4.81333e-18 0.156275
    endloop
  endfacet
  facet normal -0.98691 0.129929 -0.0955365
    outer loop
      vertex -0.0371955 0.0099665 0.14805
      vertex -0.0393038 4.81333e-18 0.156275
      vertex -0.0379645 0.0101726 0.156275
    endloop
  endfacet
  facet normal -0.98691 -0.129929 -0.0955365
    outer loop
      vertex -0.0385076 4.71582e-18 0.14805
      vertex -0.0371955 -0.0099665 0.14805
      vertex -0.0379645 -0.0101726 0.156275
    endloop
  endfacet
  facet normal -0.98691 -0.129929 -0.0955365
    outer loop
      vertex -0.0385076 4.71582e-18 0.14805
      vertex -0.0379645 -0.0101726 0.156275
      vertex -0.0393038 4.81333e-18 0.156275
    endloop
  endfacet
  facet normal -0.919654 -0.380933 -0.0955365
    outer loop
      vertex -0.0371955 -0.0099665 0.14805
      vertex -0.0333485 -0.0192538 0.14805
      vertex -0.0340381 -0.0196519 0.156275
    endloop
  endfacet
  facet normal -0.919654 -0.380933 -0.0955365
    outer loop
      vertex -0.0371955 -0.0099665 0.14805
      vertex -0.0340381 -0.0196519 0.156275
      vertex -0.0379645 -0.0101726 0.156275
    endloop
  endfacet
  facet normal -0.789724 -0.605977 -0.0955365
    outer loop
      vertex -0.0333485 -0.0192538 0.14805
      vertex -0.027229 -0.027229 0.14805
      vertex -0.027792 -0.027792 0.156275
    endloop
  endfacet
  facet normal -0.789724 -0.605977 -0.0955365
    outer loop
      vertex -0.0333485 -0.0192538 0.14805
      vertex -0.027792 -0.027792 0.156275
      vertex -0.0340381 -0.0196519 0.156275
    endloop
  endfacet
  facet normal -0.605977 -0.789724 -0.0955365
    outer loop
      vertex -0.027229 -0.027229 0.14805
      vertex -0.0192538 -0.0333485 0.14805
      vertex -0.0196519 -0.0340381 0.156275
    endloop
  endfacet
  facet normal -0.605977 -0.789724 -0.0955365
    outer loop
      vertex -0.027229 -0.027229 0.14805
      vertex -0.0196519 -0.0340381 0.156275
      vertex -0.027792 -0.027792 0.156275
    endloop
  endfacet
  facet normal -0.380933 -0.919654 -0.0955365
    outer loop
      vertex -0.0192538 -0.0333485 0.14805
      vertex -0.0099665 -0.0371955 0.14805
      vertex -0.0101726 -0.0379645 0.156275
    endloop
  endfacet
  facet normal -0.380933 -0.919654 -0.0955365
    outer loop
      vertex -0.0192538 -0.0333485 0.14805
      vertex -0.0101726 -0.0379645 0.156275
      vertex -0.0196519 -0.0340381 0.156275
    endloop
  endfacet
  facet normal -0.129929 -0.98691 -0.0955365
    outer loop
      vertex -0.0099665 -0.0371955 0.14805
      vertex -7.07373e-18 -0.0385076 0.14805
      vertex -7.21999e-18 -0.0393038 0.156275
    endloop
  endfacet
  facet normal -0.129929 -0.98691 -0.0955365
    outer loop
      vertex -0.0099665 -0.0371955 0.14805
      vertex -7.21999e-18 -0.0393038 0.156275
      vertex -0.0101726 -0.0379645 0.156275
    endloop
  endfacet
  facet normal 0.129929 -0.98691 -0.0955365
    outer loop
      vertex -7.07373e-18 -0.0385076 0.14805
      vertex 0.0099665 -0.0371955 0.14805
      vertex 0.0101726 -0.0379645 0.156275
    endloop
  endfacet
  facet normal 0.129929 -0.98691 -0.0955365
    outer loop
      vertex -7.07373e-18 -0.0385076 0.14805
      vertex 0.0101726 -0.0379645 0.156275
      vertex -7.21999e-18 -0.0393038 0.156275
    endloop
  endfacet
  facet normal 0.380933 -0.919654 -0.0955365
    outer loop
      vertex 0.0099665 -0.0371955 0.14805
      vertex 0.0192538 -0.0333485 0.14805
      vertex 0.0196519 -0.0340381 0.156275
    endloop
  endfacet
  facet normal 0.380933 -0.919654 -0.0955365
    outer loop
      vertex 0.0099665 -0.0371955 0.14805
      vertex 0.0196519 -0.0340381 0.156275
      vertex 0.0101726 -0.0379645 0.156275
    endloop
  endfacet
  facet normal 0.605977 -0.789724 -0.0955365
    outer loop
      vertex 0.0192538 -0.0333485 0.14805
      vertex 0.027229 -0.027229 0.14805
      vertex 0.027792 -0.027792 0.156275
    endloop
  endfacet
  facet normal 0.605977 -0.789724 -0.0955365
    outer loop
      vertex 0.0192538 -0.0333485 0.14805
      vertex 0.027792 -0.027792 0.156275
      vertex 0.0196519 -0.0340381 0.156275
    endloop
  endfacet
  facet normal 0.789724 -0.605977 -0.0955365
    outer loop
      vertex 0.027229 -0.027229 0.14805
      vertex 0.0333485 -0.0192538 0.14805
      vertex 0.0340381 -0.0196519 0.156275
    endloop
  endfacet
  facet normal 0.789724 -0.605977 -0.0955365
    outer loop
      vertex 0.027229 -0.027229 0.14805
      vertex 0.0340381 -0.0196519 0.156275
      vertex 0.027792 -0.027792 0.156275
    endloop
  endfacet
  facet normal 0.919654 -0.380933 -0.0955365
    outer loop
      vertex 0.0333485 -0.0192538 0.14805
      vertex 0.0371955 -0.0099665 0.14805
      vertex 0.0379645 -0.0101726 0.156275
    endloop
  endfacet
  facet normal 0.919654 -0.380933 -0.0955365
    outer loop
      vertex 0.0333485 -0.0192538 0.14805
      vertex 0.0379645 -0.0101726 0.156275
      vertex 0.0340381 -0.0196519 0.156275
    endloop
  endfacet
  facet normal 0.98691 -0.129929 -0.0955365
    outer loop
      vertex 0.0371955 -0.0099665 0.14805
      vertex 0.0385076 -9.43164e-18 0.14805
      vertex 0.0393038 -9.62665e-18 0.156275
    endloop
  endfacet
  facet normal 0.98691 -0.129929 -0.0955365
    outer loop
      vertex 0.0371955 -0.0099665 0.14805
      vertex 0.0393038 -9.62665e-18 0.156275
      vertex 0.0379645 -0.0101726 0.156275
    endloop
  endfacet
  facet normal 0.995347 0 -0.0963532
    outer loop
      vertex 0.0385076 -9.43164e-18 0.14805
      vertex 0.0385076 0 0.14805
      vertex 0.0393038 0 0.156275
    endloop
  endfacet
  facet normal 0.995347 0 -0.0963532
    outer loop
      vertex 0.0385076 -9.43164e-18 0.14805
      vertex 0.0393038 0 0.156275
      vertex 0.0393038 -9.62665e-18 0.156275
    endloop
  endfacet
  facet normal 0.98691 0.129929 -0.0955365
    outer loop
      vertex 0.0393038 0 0.156275
      vertex 0.0379645 0.0101726 0.156275
      vertex 0.0387336 0.0103786 0.1645
    endloop
  endfacet
  facet normal 0.98691 0.129929 -0.0955365
    outer loop
      vertex 0.0393038 0 0.156275
      vertex 0.0387336 0.0103786 0.1645
      vertex 0.0401 0 0.1645
    endloop
  endfacet
  facet normal 0.919654 0.380933 -0.0955365
    outer loop
      vertex 0.0379645 0.0101726 0.156275
      vertex 0.0340381 0.0196519 0.156275
      vertex 0.0347276 0.02005 0.1645
    endloop
  endfacet
  facet normal 0.919654 0.380933 -0.0955365
    outer loop
      vertex 0.0379645 0.0101726 0.156275
      vertex 0.0347276 0.02005 0.1645
      vertex 0.0387336 0.0103786 0.1645
    endloop
  endfacet
  facet normal 0.789724 0.605977 -0.0955365
    outer loop
      vertex 0.0340381 0.0196519 0.156275
      vertex 0.027792 0.027792 0.156275
      vertex 0.028355 0.028355 0.1645
    endloop
  endfacet
  facet normal 0.789724 0.605977 -0.0955365
    outer loop
      vertex 0.0340381 0.0196519 0.156275
      vertex 0.028355 0.028355 0.1645
      vertex 0.0347276 0.02005 0.1645
    endloop
  endfacet
  facet normal 0.605977 0.789724 -0.0955365
    outer loop
      vertex 0.027792 0.027792 0.156275
      vertex 0.0196519 0.0340381 0.156275
      vertex 0.02005 0.0347276 0.1645
    endloop
  endfacet
  facet normal 0.605977 0.789724 -0.0955365
    outer loop
      vertex 0.027792 0.027792 0.156275
      vertex 0.02005 0.0347276 0.1645
      vertex 0.028355 0.028355 0.1645
    endloop
  endfacet
  facet normal 0.380933 0.919654 -0.0955365
    outer loop
      vertex 0.0196519 0.0340381 0.156275
      vertex 0.0101726 0.0379645 0.156275
      vertex 0.0103786 0.0387336 0.1645
    endloop
  endfacet
  facet normal 0.380933 0.919654 -0.0955365
    outer loop
      vertex 0.0196519 0.0340381 0.156275
      vertex 0.0103786 0.0387336 0.1645
      vertex 0.02005 0.0347276 0.1645
    endloop
  endfacet
  facet normal 0.129929 0.98691 -0.0955365
    outer loop
      vertex 0.0101726 0.0379645 0.156275
      vertex 2.40666e-18 0.0393038 0.156275
      vertex 2.45542e-18 0.0401 0.1645
    endloop
  endfacet
  facet normal 0.129929 0.98691 -0.0955365
    outer loop
      vertex 0.0101726 0.0379645 0.156275
      vertex 2.45542e-18 0.0401 0.1645
      vertex 0.0103786 0.0387336 0.1645
    endloop
  endfacet
  facet normal -0.129929 0.98691 -0.0955365
    outer loop
      vertex 2.40666e-18 0.0393038 0.156275
      vertex -0.0101726 0.0379645 0.156275
      vertex -0.0103786 0.0387336 0.1645
    endloop
  endfacet
  facet normal -0.129929 0.98691 -0.0955365
    outer loop
      vertex 2.40666e-18 0.0393038 0.156275
      vertex -0.0103786 0.0387336 0.1645
      vertex 2.45542e-18 0.0401 0.1645
    endloop
  endfacet
  facet normal -0.380933 0.919654 -0.0955365
    outer loop
      vertex -0.0101726 0.0379645 0.156275
      vertex -0.0196519 0.0340381 0.156275
      vertex -0.02005 0.0347276 0.1645
    endloop
  endfacet
  facet normal -0.380933 0.919654 -0.0955365
    outer loop
      vertex -0.0101726 0.0379645 0.156275
      vertex -0.02005 0.0347276 0.1645
      vertex -0.0103786 0.0387336 0.1645
    endloop
  endfacet
  facet normal -0.605977 0.789724 -0.0955365
    outer loop
      vertex -0.0196519 0.0340381 0.156275
      vertex -0.027792 0.027792 0.156275
      vertex -0.028355 0.028355 0.1645
    endloop
  endfacet
  facet normal -0.605977 0.789724 -0.0955365
    outer loop
      vertex -0.0196519 0.0340381 0.156275
      vertex -0.028355 0.028355 0.1645
      vertex -0.02005 0.0347276 0.1645
    endloop
  endfacet
  facet normal -0.789724 0.605977 -0.0955365
    outer loop
      vertex -0.027792 0.027792 0.156275
      vertex -0.0340381 0.0196519 0.156275
      vertex -0.0347276 0.02005 0.1645
    endloop
  endfacet
  facet normal -0.789724 0.605977 -0.0955365
    outer loop
      vertex -0.027792 0.027792 0.156275
      vertex -0.0347276 0.02005 0.1645
      vertex -0.028355 0.028355 0.1645
    endloop
  endfacet
  facet normal -0.919654 0.380933 -0.0955365
    outer loop
      vertex -0.0340381 0.0196519 0.156275
      vertex -0.0379645 0.0101726 0.156275
      vertex -0.0387336 0.0103786 0.1645
    endloop
  endfacet
  facet normal -0.919654 0.380933 -0.0955365
    outer loop
      vertex -0.0340381 0.0196519 0.156275
      vertex -0.0387336 0.0103786 0.1645
      vertex -0.0347276 0.02005 0.1645
    endloop
  endfacet
  facet normal -0.98691 0.129929 -0.0955365
    outer loop
      vertex -0.0379645 0.0101726 0.156275
      vertex -0.0393038 4.81333e-18 0.156275
      vertex -0.0401 4.91083e-18 0.1645
    endloop
  endfacet
  facet normal -0.98691 0.129929 -0.0955365
    outer loop
      vertex -0.0379645 0.0101726 0.156275
      vertex -0.0401 4.91083e-18 0.1645
      vertex -0.0387336 0.0103786 0.1645
    endloop
  endfacet
  facet normal -0.98691 -0.129929 -0.0955365
    outer loop
      vertex -0.0393038 4.81333e-18 0.156275
      vertex -0.0379645 -0.0101726 0.156275
      vertex -0.0387336 -0.0103786 0.1645
    endloop
  endfacet
  facet normal -0.98691 -0.129929 -0.0955365
    outer loop
      vertex -0.0393038 4.81333e-18 0.156275
      vertex -0.0387336 -0.0103786 0.1645
      vertex -0.0401 4.91083e-18 0.1645
    endloop
  endfacet
  facet normal -0.919654 -0.380933 -0.0955365
    outer loop
      vertex -0.0379645 -0.0101726 0.156275
      vertex -0.0340381 -0.0196519 0.156275
      vertex -0.0347276 -0.02005 0.1645
    endloop
  endfacet
  facet normal -0.919654 -0.380933 -0.0955365
    outer loop
      vertex -0.0379645 -0.0101726 0.156275
      vertex -0.0347276 -0.02005 0.1645
      vertex -0.0387336 -0.0103786 0.1645
    endloop
  endfacet
  facet normal -0.789724 -0.605977 -0.0955365
    outer loop
      vertex -0.0340381 -0.0196519 0.156275
      vertex -0.027792 -0.027792 0.156275
      vertex -0.028355 -0.028355 0.1645
    endloop
  endfacet
  facet normal -0.789724 -0.605977 -0.0955365
    outer loop
      vertex -0.0340381 -0.0196519 0.156275
      vertex -0.028355 -0.028355 0.1645
      vertex -0.0347276 -0.02005 0.1645
    endloop
  endfacet
  facet normal -0.605977 -0.789724 -0.0955365
    outer loop
      vertex -0.027792 -0.027792 0.156275
      vertex -0.0196519 -0.0340381 0.156275
      vertex -0.02005 -0.0347276 0.1645
    endloop
  endfacet
  facet normal -0.605977 -0.789724 -0.0955365
    outer loop
      vertex -0.027792 -0.027792 0.156275
      vertex -0.02005 -0.0347276 0.1645
      vertex -0.028355 -0.028355 0.1645
    endloop
  endfacet
  facet normal -0.380933 -0.919654 -0.0955365
    outer loop
      vertex -0.0196519 -0.0340381 0.156275
      vertex -0.0101726 -0.0379645 0.156275
      vertex -0.0103786 -0.0387336 0.1645
    endloop
  endfacet
  facet normal -0.380933 -0.919654 -0.0955365
    outer loop
      vertex -0.0196519 -0.0340381 0.156275
      vertex -0.0103786 -0.0387336 0.1645
      vertex -0.02005 -0.0347276 0.1645
    endloop
  endfacet
  facet normal -0.129929 -0.98691 -0.0955365
    outer loop
      vertex -0.0101726 -0.0379645 0.156275
      vertex -7.21999e-18 -0.0393038 0.156275
      vertex -7.36625e-18 -0.0401 0.1645
    endloop
  endfacet
  facet normal -0.129929 -0.98691 -0.0955365
    outer loop
      vertex -0.0101726 -0.0379645 0.156275
      vertex -7.36625e-18 -0.0401 0.1645
      vertex -0.0103786 -0.0387336 0.1645
    endloop
  endfacet
  facet normal 0.129929 -0.98691 -0.0955365
    outer loop
      vertex -7.21999e-18 -0.0393038 0.156275
      vertex 0.0101726 -0.0379645 0.156275
      vertex 0.0103786 -0.0387336 0.1645
    endloop
  endfacet
  facet normal 0.129929 -0.98691 -0.0955365
    outer loop
      vertex -7.21999e-18 -0.0393038 0.156275
      vertex 0.0103786 -0.0387336 0.1645
      vertex -7.36625e-18 -0.0401 0.1645
    endloop
  endfacet
  facet normal 0.380933 -0.919654 -0.0955365
    outer loop
      vertex 0.0101726 -0.0379645 0.156275
      vertex 0.0196519 -0.0340381 0.156275
      vertex 0.02005 -0.0347276 0.1645
    endloop
  endfacet
  facet normal 0.380933 -0.919654 -0.0955365
    outer loop
      vertex 0.0101726 -0.0379645 0.156275
      vertex 0.02005 -0.0347276 0.1645
      vertex 0.0103786 -0.0387336 0.1645
    endloop
  endfacet
  facet normal 0.605977 -0.789724 -0.0955365
    outer loop
      vertex 0.0196519 -0.0340381 0.156275
      vertex 0.027792 -0.027792 0.156275
      vertex 0.028355 -0.028355 0.1645
    endloop
  endfacet
  facet normal 0.605977 -0.789724 -0.0955365
    outer loop
      vertex 0.0196519 -0.0340381 0.156275
      vertex 0.028355 -0.028355 0.1645
      vertex 0.02005 -0.0347276 0.1645
    endloop
  endfacet
  facet normal 0.789724 -0.605977 -0.0955365
    outer loop
      vertex 0.027792 -0.027792 0.156275
      vertex 0.0340381 -0.0196519 0.156275
      vertex 0.0347276 -0.02005 0.1645
    endloop
  endfacet
  facet normal 0.789724 -0.605977 -0.0955365
    outer loop
      vertex 0.027792 -0.027792 0.156275
      vertex 0.0347276 -0.02005 0.1645
      vertex 0.028355 -0.028355 0.1645
    endloop
  endfacet
  facet normal 0.919654 -0.380933 -0.0955365
    outer loop
      vertex 0.0340381 -0.0196519 0.156275
      vertex 0.0379645 -0.0101726 0.156275
      vertex 0.0387336 -0.0103786 0.1645
    endloop
  endfacet
  facet normal 0.919654 -0.380933 -0.0955365
    outer loop
      vertex 0.0340381 -0.0196519 0.156275
      vertex 0.0387336 -0.0103786 0.1645
      vertex 0.0347276 -0.02005 0.1645
    endloop
  endfacet
  facet normal 0.98691 -0.129929 -0.0955365
    outer loop
      vertex 0.0379645 -0.0101726 0.156275
      vertex 0.0393038 -9.62665e-18 0.156275
      vertex 0.0401 -9.82167e-18 0.1645
    endloop
  endfacet
  facet normal 0.98691 -0.129929 -0.0955365
    outer loop
      vertex 0.0379645 -0.0101726 0.156275
      vertex 0.0401 -9.82167e-18 0.1645
      vertex 0.0387336 -0.0103786 0.1645
    endloop
  endfacet
  facet normal 0.995347 0 -0.0963532
    outer loop
      vertex 0.0393038 -9.62665e-18 0.156275
      vertex 0.0393038 0 0.156275
      vertex 0.0401 0 0.1645
    endloop
  endfacet
  facet normal 0.995347 0 -0.0963532
    outer loop
      vertex 0.0393038 -9.62665e-18 0.156275
      vertex 0.0401 0 0.1645
      vertex 0.0401 -9.82167e-18 0.1645
    endloop
  endfacet
  facet normal -0 -0 -1
    outer loop
      vertex 0.04 0 0
      vertex 0.038637 0.0103528 0
      vertex 0.0016 -9.59222e-19 0
    endloop
  endfacet
  facet normal -0 -0 -1
    outer loop
      vertex 0.038637 0.0103528 0
      vertex 0.034641 0.02 0
      vertex 0.0016 -9.59222e-19 0
    endloop
  endfacet
  facet normal -0 -0 -1
    outer loop
      vertex 0.034641 0.02 0
      vertex 0.0282843 0.0282843 0
      vertex 0.0016 -9.59222e-19 0
    endloop
  endfacet
  facet normal -0 -0 -1
    outer loop
      vertex 0.0282843 0.0282843 0
      vertex 0.02 0.034641 0
      vertex 0.0016 -9.59222e-19 0
    endloop
  endfacet
  facet normal -0 -0 -1
    outer loop
      vertex 0.02 0.034641 0
      vertex 0.0103528 0.038637 0
      vertex 0.0016 -9.59222e-19 0
    endloop
  endfacet
  facet normal -0 -0 -1
    outer loop
      vertex 0.0103528 0.038637 0
      vertex 2.44929e-18 0.04 0
      vertex 0.0016 -9.59222e-19 0
    endloop
  endfacet
  facet normal -0 -0 -1
    outer loop
      vertex 2.44929e-18 0.04 0
      vertex -0.0103528 0.038637 0
      vertex 0.0016 -9.59222e-19 0
    endloop
  endfacet
  facet normal -0 -0 -1
    outer loop
      vertex -0.0103528 0.038637 0
      vertex -0.02 0.034641 0
      vertex 0.0016 -9.59222e-19 0
    endloop
  endfacet
  facet normal -0 -0 -1
    outer loop
      vertex -0.02 0.034641 0
      vertex -0.0282843 0.0282843 0
      vertex 0.0016 -9.59222e-19 0
    endloop
  endfacet
  facet normal -0 -0 -1
    outer loop
      vertex -0.0282843 0.0282843 0
      vertex -0.034641 0.02 0
      vertex 0.0016 -9.59222e-19 0
    endloop
  endfacet
  facet normal -0 -0 -1
    outer loop
      vertex -0.034641 0.02 0
      vertex -0.038637 0.0103528 0
      vertex 0.0016 -9.59222e-19 0
    endloop
  endfacet
  facet normal -0 -0 -1
    outer loop
      vertex -0.038637 0.0103528 0
      vertex -0.04 4.89859e-18 0
      vertex 0.0016 -9.59222e-19 0
    endloop
  endfacet
  facet normal -0 -0 -1
    outer loop
      vertex -0.04 4.89859e-18 0
      vertex -0.038637 -0.0103528 0
      vertex 0.0016 -9.59222e-19 0
    endloop
  endfacet
  facet normal 0 -0 -1
    outer loop
      vertex -0.038637 -0.0103528 0
      vertex -0.034641 -0.02 0
      vertex 0.0016 -9.59222e-19 0
    endloop
  endfacet
  facet normal 0 -0 -1
    outer loop
      vertex -0.034641 -0.02 0
      vertex -0.0282843 -0.0282843 0
      vertex 0.0016 -9.59222e-19 0
    endloop
  endfacet
  facet normal 0 -0 -1
    outer loop
      vertex -0.0282843 -0.0282843 0
      vertex -0.02 -0.034641 0
      vertex 0.0016 -9.59222e-19 0
    endloop
  endfacet
  facet normal 0 -0 -1
    outer loop
      vertex -0.02 -0.034641 0
      vertex -0.0103528 -0.038637 0
      vertex 0.0016 -9.59222e-19 0
    endloop
  endfacet
  facet normal 0 -0 -1
    outer loop
      vertex -0.0103528 -0.038637 0
      vertex -7.34788e-18 -0.04 0
      vertex 0.0016 -9.59222e-19 0
    endloop
  endfacet
  facet normal -0 -0 -1
    outer loop
      vertex -7.34788e-18 -0.04 0
      vertex 0.0103528 -0.038637 0
      vertex 0.0016 -9.59222e-19 0
    endloop
  endfacet
  facet normal -0 0 -1
    outer loop
      vertex 0.0103528 -0.038637 0
      vertex 0.02 -0.034641 0
      vertex 0.0016 -9.59222e-19 0
    endloop
  endfacet
  facet normal -0 0 -1
    outer loop
      vertex 0.02 -0.034641 0
      vertex 0.0282843 -0.0282843 0
      vertex 0.0016 -9.59222e-19 0
    endloop
  endfacet
  facet normal -0 0 -1
    outer loop
      vertex 0.0282843 -0.0282843 0
      vertex 0.034641 -0.02 0
      vertex 0.0016 -9.59222e-19 0
    endloop
  endfacet
  facet normal -0 0 -1
    outer loop
      vertex 0.034641 -0.02 0
      vertex 0.038637 -0.0103528 0
      vertex 0.0016 -9.59222e-19 0
    endloop
  endfacet
  facet normal -0 0 -1
    outer loop
      vertex 0.038637 -0.0103528 0
      vertex 0.04 -9.79717e-18 0
      vertex 0.0016 -9.59222e-19 0
    endloop
  endfacet
endsolid mesh
